image_id,healthy,multiple_diseases,rust,scab
Test_0,9.464971e-06,0.004368155,0.9956059,1.6425718e-05
Test_1,1.8611541e-05,0.0015730553,0.99840456,3.81315e-06
Test_2,3.967391e-06,6.282394e-06,2.2839797e-07,0.9999895
Test_3,0.99980617,1.1619558e-05,0.00011096742,7.1224116e-05
Test_4,4.9141935e-10,9.366323e-06,0.9999906,7.4406437e-09
Test_5,0.99094117,0.00059037923,0.0054498357,0.003018749
Test_6,0.9983317,8.571591e-05,0.00077486224,0.0008077411
Test_7,0.000855249,0.0011870197,3.3134544e-05,0.99792457
Test_8,0.0020533188,0.16321206,0.0011038091,0.83363086
Test_9,0.0025015634,0.0012296533,0.9961746,9.426572e-05
Test_10,0.0045371023,0.028982818,0.9659036,0.0005765102
Test_11,0.93653125,0.00061964244,0.06204801,0.0008011626
Test_12,0.1387528,0.36434212,0.01606605,0.48083904
Test_13,0.974031,0.01278402,0.01277374,0.00041121212
Test_14,0.00039590945,0.054947328,0.94436675,0.00028994816
Test_15,0.0039881356,0.001318232,0.9946872,6.4173546e-06
Test_16,0.99707353,0.0008616769,0.0011681559,0.000896633
Test_17,0.0035170615,0.2041529,0.014256194,0.77807385
Test_18,0.8457146,0.020517427,0.05863507,0.07513288
Test_19,8.508972e-05,0.09941628,0.90039355,0.00010506136
Test_20,0.0053770067,0.0019382135,0.00042029924,0.9922645
Test_21,0.9928018,0.0028147816,0.00016638132,0.0042169974
Test_22,9.602715e-06,0.03632972,0.96363527,2.5394398e-05
Test_23,1.4988645e-05,2.1364665e-05,3.2412052e-07,0.9999634
Test_24,0.5155602,0.2904402,0.16983984,0.024159785
Test_25,0.9137721,0.00044701854,0.001871205,0.08390968
Test_26,5.4385924e-05,0.0017506562,0.00026002576,0.99793494
Test_27,2.7873111e-05,0.0038614077,0.995941,0.0001697207
Test_28,0.9966606,0.00039464992,5.055964e-06,0.0029396173
Test_29,0.047259595,0.0013796099,0.0046862355,0.9466745
Test_30,0.9959798,0.00059439347,0.0024574017,0.0009684224
Test_31,7.780194e-05,0.104895584,0.89490664,0.000120002434
Test_32,0.14786562,0.02222687,0.46201658,0.36789086
Test_33,0.00033159292,0.0027032217,2.5544405e-05,0.9969396
Test_34,0.014180646,0.00025349495,0.0010413788,0.9845244
Test_35,0.000909272,0.00021471542,3.1230838e-06,0.99887294
Test_36,1.5463598e-06,0.0001945958,0.9998038,5.2454848e-08
Test_37,0.089528814,0.02726531,0.0025534907,0.8806524
Test_38,0.00036096747,0.0026387621,3.565719e-05,0.99696463
Test_39,0.00066503964,0.014000736,0.97400373,0.011330467
Test_40,0.00031835842,0.015970603,0.98294586,0.0007651927
Test_41,1.5947841e-09,5.142492e-07,0.9999995,3.5394467e-12
Test_42,0.00127503,0.020669144,0.0007503432,0.9773054
Test_43,0.0006912292,6.6468425e-07,0.99925214,5.5965786e-05
Test_44,0.15507635,0.57570124,0.0241985,0.24502392
Test_45,0.010941558,0.077947855,0.74878126,0.16232932
Test_46,0.66582054,0.0108411,0.0004126884,0.32292566
Test_47,2.5976686e-07,0.0011890895,0.9987413,6.9331305e-05
Test_48,3.3411084e-08,0.0012215226,0.99877065,7.775596e-06
Test_49,0.00027059775,0.0020077892,0.9972933,0.00042834817
Test_50,0.000114627794,0.026191898,0.9731434,0.0005501147
Test_51,2.1580913e-06,0.0002338729,0.9997638,1.5397605e-07
Test_52,0.00013647084,0.002051468,0.99779105,2.101831e-05
Test_53,7.787297e-08,5.636762e-06,0.9999943,2.1190619e-10
Test_54,0.03414947,0.30099759,0.65981513,0.0050379094
Test_55,0.012097016,0.010227915,0.018145313,0.95952976
Test_56,0.0029352999,0.385743,0.30367365,0.30764797
Test_57,0.954207,0.0009026051,0.00092707213,0.043963335
Test_58,6.751152e-07,0.000106443054,5.6871227e-07,0.99989235
Test_59,0.0005715382,0.14527766,0.8477426,0.0064081564
Test_60,1.7883276e-05,0.004888217,0.000109096705,0.99498475
Test_61,0.9562171,0.010652327,0.023080979,0.010049526
Test_62,0.001639709,4.209384e-06,0.9930468,0.005309238
Test_63,0.15295896,0.2380653,0.080472164,0.5285036
Test_64,0.85901237,0.002091066,0.110143036,0.028753545
Test_65,1.2923848e-06,0.00015966145,0.9998318,7.205883e-06
Test_66,0.99768806,0.00027636855,0.0017610625,0.0002745392
Test_67,6.4331825e-11,8.304643e-09,1.0,1.3809066e-12
Test_68,0.006083491,0.07733177,0.04969357,0.8668912
Test_69,0.02951433,0.18353203,0.78390616,0.003047462
Test_70,0.024043195,0.01855979,0.0097420085,0.947655
Test_71,0.19917738,0.05722742,0.74249345,0.0011017267
Test_72,0.03777425,0.06336019,0.0099239275,0.88894165
Test_73,0.9934678,0.0011616442,0.0025039513,0.0028665564
Test_74,0.19072974,0.19394621,0.60627276,0.009051374
Test_75,0.0029157177,0.00088650826,0.0001638117,0.99603397
Test_76,0.70548725,0.03623138,0.00016158006,0.25811985
Test_77,0.020844879,0.000353712,0.9787949,6.4634037e-06
Test_78,0.0013278766,0.56250966,0.0015475759,0.43461493
Test_79,0.0826445,0.14495072,0.010566033,0.76183873
Test_80,1.15894345e-05,0.94339466,0.04119976,0.015393923
Test_81,0.00018467184,0.06414093,0.934785,0.0008894241
Test_82,4.1809697e-05,0.026560117,0.9724487,0.0009493364
Test_83,9.377502e-06,0.00969239,0.99020714,9.11086e-05
Test_84,0.8296124,2.7371489e-05,0.0004317668,0.16992845
Test_85,0.23952147,0.0025191577,0.16028163,0.59767777
Test_86,2.5797335e-05,0.65288407,0.34671098,0.00037917442
Test_87,0.052237384,0.0031953393,0.021951783,0.92261547
Test_88,0.00049363286,0.30662116,0.64351577,0.04936942
Test_89,0.8936411,0.006783612,0.04447165,0.055103667
Test_90,4.359355e-06,0.08452823,0.9153904,7.699483e-05
Test_91,0.99555606,0.0014063771,0.00038388945,0.0026536894
Test_92,0.9876024,0.000515057,5.453392e-05,0.011827986
Test_93,8.236628e-05,0.00631271,0.9934465,0.00015849179
Test_94,3.310135e-05,0.00051257864,3.908786e-05,0.9994152
Test_95,0.9515794,0.009922409,0.031537317,0.0069609433
Test_96,6.114218e-06,0.000197931,1.8425433e-05,0.99977744
Test_97,0.9843286,0.003917641,0.008231224,0.0035225477
Test_98,0.07280199,0.6113372,0.30232286,0.013537954
Test_99,0.9492985,0.001217464,0.04705454,0.0024295007
Test_100,9.262399e-06,0.0042399215,6.876842e-05,0.9956821
Test_101,0.81314677,0.0016739075,0.17753372,0.007645727
Test_102,0.003349418,0.0083530005,0.0015172448,0.98678035
Test_103,0.0043607494,0.032094818,0.9616087,0.0019357279
Test_104,9.474954e-06,0.008197262,5.714984e-05,0.991736
Test_105,0.0011401077,0.0010708717,0.0010307882,0.9967583
Test_106,0.9762981,0.009771437,0.0060485634,0.007881928
Test_107,1.2199516e-07,0.0011754235,0.9988242,2.4191675e-07
Test_108,0.0042635514,0.055086587,0.018223604,0.9224262
Test_109,0.5615377,0.03191012,0.007812363,0.39873993
Test_110,0.5159779,0.11388998,0.05677131,0.31336078
Test_111,0.9636865,5.2614843e-05,6.834694e-05,0.036192488
Test_112,2.8860044e-05,0.0004750348,0.99909824,0.0003978622
Test_113,0.007518658,0.664215,0.009751868,0.31851444
Test_114,0.005919759,0.3881473,0.59349793,0.012434948
Test_115,0.00011172724,0.00031573907,0.99954623,2.6210073e-05
Test_116,5.4770248e-05,0.0125145195,0.9874209,9.810966e-06
Test_117,4.4385133e-06,0.047226142,0.95237875,0.000390659
Test_118,3.8039344e-10,1.10065885e-05,0.99998903,4.4659654e-11
Test_119,0.93662494,0.021267785,0.03417894,0.007928315
Test_120,1.5946381e-06,0.00085963804,0.9991343,4.4564476e-06
Test_121,0.042293575,0.0007111654,0.95662594,0.000369357
Test_122,9.5119336e-05,0.017386213,0.9824364,8.2289414e-05
Test_123,2.7078468e-09,0.002263556,0.99773633,5.1727447e-08
Test_124,0.012663406,0.07325062,0.0040356442,0.9100504
Test_125,0.03101988,0.45654574,0.12846783,0.3839666
Test_126,0.987425,5.3873282e-05,0.012500401,2.0813543e-05
Test_127,0.16792998,0.012182996,0.0024382004,0.81744885
Test_128,1.4905676e-05,0.003687986,0.9962089,8.8165485e-05
Test_129,1.7634942e-05,0.0067090285,0.9932602,1.315076e-05
Test_130,1.4473058e-05,0.0009839887,4.696683e-05,0.99895453
Test_131,2.1453009e-06,2.7206926e-05,1.1801586e-07,0.99997056
Test_132,0.97419286,1.1059635e-05,0.025773665,2.2404978e-05
Test_133,2.0790116e-05,0.0003119221,1.3786622e-05,0.9996536
Test_134,0.05812456,0.007136129,0.00018812511,0.9345513
Test_135,1.2469562e-07,0.0006219181,0.9993777,1.6098123e-07
Test_136,3.831548e-06,0.0015389825,7.0697424e-05,0.9983865
Test_137,1.0705984e-06,0.019725397,0.9802531,2.0432866e-05
Test_138,0.00033438744,0.0019817965,0.9975501,0.00013379243
Test_139,0.9999989,3.0726565e-07,2.4115718e-07,5.019676e-07
Test_140,0.49870908,0.00015949985,0.47251952,0.028611938
Test_141,0.0037462206,0.004417782,0.010662625,0.98117346
Test_142,0.023400858,0.33877978,0.00024910423,0.6375703
Test_143,0.0006609764,0.9928396,0.0005046033,0.0059947846
Test_144,0.99571663,3.721452e-05,0.0042107916,3.5336798e-05
Test_145,0.015981376,0.027569024,0.004018288,0.9524314
Test_146,3.9581287e-06,0.0028211663,0.9971336,4.1250863e-05
Test_147,1.4417736e-06,0.0041195643,0.99587524,3.7561035e-06
Test_148,0.7343247,0.04874692,0.013607109,0.20332128
Test_149,5.04394e-06,0.0006013563,0.99939346,1.5992198e-07
Test_150,0.0007821931,0.34388742,0.61665,0.038680363
Test_151,2.234977e-06,0.00087672216,0.9991197,1.3406429e-06
Test_152,3.702586e-07,0.0010185362,0.9989808,2.4573256e-07
Test_153,0.1133728,0.008713443,0.0009659751,0.87694776
Test_154,6.6246834e-08,0.00029497422,0.9997049,3.429232e-08
Test_155,0.00040105113,0.07672825,0.92052126,0.002349403
Test_156,4.1941753e-06,0.00085828005,2.9847336e-06,0.99913454
Test_157,0.089707784,0.08512903,0.760881,0.06428223
Test_158,2.4535068e-06,8.092103e-05,1.13394e-06,0.9999155
Test_159,7.914136e-05,2.011329e-05,0.9998932,7.5207627e-06
Test_160,0.99876827,6.4416236e-05,0.0007539346,0.00041335772
Test_161,0.24519344,0.12184604,0.0091181025,0.62384236
Test_162,1.3500422e-09,5.9101218e-08,1.0,2.2596125e-11
Test_163,0.0006434443,0.026662027,0.9705227,0.002171792
Test_164,0.70854396,0.0691838,0.13434166,0.087930605
Test_165,0.00024759673,0.0016041291,0.00022449152,0.99792385
Test_166,0.022642069,0.02165554,0.9417074,0.0139949145
Test_167,1.339644e-08,1.2300793e-08,1.0,3.8706882e-10
Test_168,2.8158286e-06,0.3946723,0.5924535,0.012871392
Test_169,0.05049403,0.0045050085,0.90525436,0.03974662
Test_170,0.011162928,0.4733502,0.4350679,0.08041896
Test_171,3.3998172e-06,0.00045431845,0.9995312,1.0964858e-05
Test_172,2.9192057e-07,0.0010106763,0.9989889,1.02625144e-07
Test_173,2.3543966e-05,0.001362858,0.99860376,9.819041e-06
Test_174,0.06299477,0.19804229,0.016638389,0.72232455
Test_175,0.857012,0.06797375,0.019681435,0.05533282
Test_176,5.8345373e-09,0.0012253966,0.99877423,3.855644e-07
Test_177,0.005127434,0.001439148,4.986374e-05,0.99338347
Test_178,5.619461e-07,2.191257e-06,8.497932e-08,0.99999726
Test_179,1.7996448e-06,0.0006306369,0.9993567,1.0839066e-05
Test_180,0.01328001,0.614351,0.21767254,0.15469646
Test_181,0.002038325,0.048146885,0.0022747782,0.94754004
Test_182,0.003356468,0.0003607139,0.9962633,1.9504314e-05
Test_183,0.92019296,0.010095505,0.0121211,0.05759033
Test_184,0.94674176,0.0015874449,0.03483026,0.0168405
Test_185,0.01996035,0.11291984,0.80012846,0.0669914
Test_186,0.06507935,0.04425715,0.0010118228,0.88965166
Test_187,0.0019465812,0.02626877,0.9626398,0.009144837
Test_188,0.0009375331,0.048593752,0.9478517,0.0026170737
Test_189,0.9923496,1.2235658e-05,0.0018912674,0.0057470044
Test_190,5.2562904e-05,0.0021278877,0.9978132,6.2471536e-06
Test_191,2.1314765e-05,0.012288216,0.9874034,0.00028709177
Test_192,0.95738286,0.010465054,0.02562066,0.006531346
Test_193,3.058781e-05,0.022724701,0.9763823,0.0008624086
Test_194,3.3090646e-07,0.0036274213,0.9963697,2.5298475e-06
Test_195,0.48340768,0.381531,0.08519839,0.049862903
Test_196,0.5419271,0.03865199,0.13551839,0.28390256
Test_197,2.221676e-05,0.63150156,0.36591038,0.002565776
Test_198,0.00025687102,3.6055358e-06,2.2503917e-08,0.99973947
Test_199,0.08878815,0.16888106,0.35093546,0.3913954
Test_200,4.3595043e-07,5.0634502e-05,0.99994886,1.6396926e-08
Test_201,8.80808e-06,0.0023242845,0.0010353395,0.99663156
Test_202,0.0061381483,0.12554568,0.8207686,0.04754756
Test_203,2.9155084e-05,0.015330587,0.9825373,0.0021029129
Test_204,0.0022874633,0.020492675,0.011310382,0.9659095
Test_205,0.00017737028,0.00047920132,6.221499e-05,0.99928117
Test_206,0.00058750773,0.000316862,1.2867531e-05,0.9990828
Test_207,3.413234e-05,0.040090714,0.9121196,0.047755506
Test_208,0.8072077,0.02353541,0.00019341867,0.16906351
Test_209,6.346352e-10,0.0057568206,0.9942432,5.8441585e-10
Test_210,0.0019891162,0.022595374,0.29075718,0.68465835
Test_211,0.0018458816,0.6581747,0.18382894,0.15615052
Test_212,2.5329314e-10,2.122401e-08,1.0,3.3689485e-13
Test_213,0.0002647105,0.56663036,0.41790408,0.015200786
Test_214,4.9123162e-08,2.2441154e-05,0.9999776,2.7476661e-08
Test_215,0.9149301,0.064648524,7.7532924e-05,0.020343784
Test_216,0.97848505,0.001150547,0.018194268,0.0021702035
Test_217,0.0009899418,0.0012315314,0.00078909466,0.99698937
Test_218,0.9959251,0.0003119298,0.00022759868,0.003535349
Test_219,0.055503875,0.005779617,0.93293643,0.005780069
Test_220,9.298236e-06,0.00019357771,4.1122157e-06,0.99979293
Test_221,0.7431356,0.16089447,0.013439344,0.08253058
Test_222,2.5724038e-09,9.425336e-06,0.9999906,5.181325e-09
Test_223,1.9862987e-06,0.00015252504,0.999845,3.390119e-07
Test_224,0.4301649,0.00019499399,0.5650061,0.004634103
Test_225,0.9868127,0.00022685144,0.012611288,0.00034913883
Test_226,2.3899534e-05,0.17088993,0.82894725,0.0001389347
Test_227,0.00059776707,0.047679923,0.0058664507,0.94585586
Test_228,0.00033071742,0.0009997698,0.99863404,3.5503766e-05
Test_229,3.6588026e-09,5.329955e-06,0.99999464,4.9451476e-10
Test_230,0.6983181,0.041348845,0.005771312,0.25456178
Test_231,1.6546877e-05,4.882544e-05,1.0273164e-06,0.9999336
Test_232,0.6189799,0.0008527267,0.37922794,0.0009394103
Test_233,0.977826,0.0034829865,0.008306056,0.010385022
Test_234,0.0010299747,0.004264587,8.0602025e-05,0.9946248
Test_235,6.724279e-05,0.8245897,0.009746969,0.16559607
Test_236,0.0032512702,0.00013096248,0.99653244,8.520696e-05
Test_237,0.013641147,0.21352665,0.53373355,0.23909861
Test_238,4.931805e-07,2.1637525e-05,0.9999778,3.318038e-08
Test_239,2.2309989e-05,0.07152391,0.9283303,0.0001234358
Test_240,0.0002359307,0.0051633865,0.9945932,7.477753e-06
Test_241,4.7664375e-07,0.008793391,0.99105585,0.00015027206
Test_242,0.22684345,0.20783107,0.0008682825,0.56445724
Test_243,0.99478674,3.4131167e-06,0.0051815044,2.8344875e-05
Test_244,0.012340419,0.85906875,0.0953407,0.033250146
Test_245,0.00023583502,0.011372622,0.98801684,0.00037467657
Test_246,3.7450543e-05,0.0013162023,2.6965845e-05,0.99861944
Test_247,5.714506e-09,6.0110386e-05,3.8737905e-08,0.9999399
Test_248,0.17134766,0.3255467,0.2544363,0.2486693
Test_249,0.006269971,0.3300346,0.46119004,0.2025053
Test_250,0.9782188,0.0002790531,0.021345029,0.00015708493
Test_251,0.90643215,0.0063559003,0.004962392,0.08224953
Test_252,1.2411776e-07,0.005554036,0.9944457,9.937311e-08
Test_253,0.00080976076,0.15127067,0.0022959528,0.8456236
Test_254,0.00531673,0.009071878,0.00013783335,0.9854735
Test_255,0.0025317012,0.01384489,0.0010841446,0.9825393
Test_256,8.01508e-05,0.009312242,0.00083372794,0.9897739
Test_257,0.0001675705,0.00024182469,0.9995859,4.6975338e-06
Test_258,0.016950548,0.3100988,0.20472184,0.46822882
Test_259,0.76988125,0.179625,0.01952872,0.030965108
Test_260,0.0014599863,0.00035080247,1.1841315e-05,0.9981774
Test_261,6.557586e-05,0.0033684047,0.9893959,0.0071701403
Test_262,0.02648663,0.11599657,0.006186982,0.8513298
Test_263,0.069017574,0.008302132,0.04492193,0.8777584
Test_264,0.94692,0.014523974,0.026923696,0.011632284
Test_265,1.0955215e-06,8.078901e-05,0.99991727,8.8578025e-07
Test_266,5.3833805e-06,0.00066174415,1.7791479e-05,0.999315
Test_267,0.9999455,7.904457e-07,4.4976155e-06,4.915925e-05
Test_268,2.8194222e-06,0.14306034,0.8562184,0.0007184489
Test_269,0.9670447,0.0011184164,0.0027644557,0.029072398
Test_270,0.0023119997,0.22140713,0.005301833,0.77097905
Test_271,0.02461344,0.05419782,0.028321696,0.892867
Test_272,1.943793e-05,0.0664199,0.93335354,0.00020712566
Test_273,0.98799604,0.0014930634,9.452758e-05,0.010416372
Test_274,2.7327633e-07,0.0015884128,0.9984107,6.1198125e-07
Test_275,6.519983e-07,0.00011592396,0.99985147,3.202435e-05
Test_276,6.5597496e-06,0.16337165,0.065116614,0.7715052
Test_277,0.3350677,0.11124707,0.0013814836,0.55230373
Test_278,0.001648872,0.0048909453,0.000604244,0.9928559
Test_279,0.0010007228,0.0061475635,0.99127275,0.0015789543
Test_280,0.00032604916,0.001541466,2.3783587e-05,0.99810874
Test_281,7.638515e-05,0.0035963717,3.8966606e-05,0.9962883
Test_282,0.00143309,0.7850612,0.17612334,0.037382364
Test_283,0.0011557791,0.048041455,0.93366545,0.017137356
Test_284,1.2992238e-07,3.5770645e-05,0.9999641,9.354295e-09
Test_285,0.05924996,0.00372475,0.0075425655,0.92948276
Test_286,0.0599776,0.0003916801,4.9213806e-05,0.9395815
Test_287,0.5812965,0.05314053,0.33872122,0.026841747
Test_288,2.7356186e-06,0.00041292017,2.7219732e-05,0.9995572
Test_289,1.7337327e-07,1.0890407e-06,9.763191e-10,0.9999988
Test_290,0.0005446386,0.052180972,0.94407153,0.0032028619
Test_291,2.4624372e-08,7.417153e-05,0.99992585,7.666593e-09
Test_292,0.9998108,4.4027323e-07,0.00018552627,3.1426177e-06
Test_293,0.0003308234,0.057142135,0.9418958,0.0006312101
Test_294,1.8375514e-06,0.038429175,0.96118397,0.0003850939
Test_295,0.0011206537,2.264222e-06,0.9988716,5.4829434e-06
Test_296,0.012489281,0.0043781586,0.91564745,0.06748515
Test_297,9.972141e-08,8.144542e-05,1.0409852e-07,0.99991834
Test_298,1.2523498e-06,0.10063281,0.8962501,0.0031157865
Test_299,0.00046699043,0.5590141,0.013027693,0.4274913
Test_300,0.92799693,0.009476429,0.04444917,0.018077468
Test_301,0.94035804,0.026997933,0.006534999,0.026109088
Test_302,3.23131e-05,0.018910754,0.0031402106,0.9779167
Test_303,0.5944387,0.18814875,0.014930574,0.20248206
Test_304,0.88815165,0.086051725,0.0042154724,0.021581262
Test_305,0.9734563,0.011369179,0.00062153576,0.014553014
Test_306,1.5985304e-05,0.15936124,0.82099724,0.01962555
Test_307,0.677236,0.009667806,0.31222424,0.0008719125
Test_308,0.030056406,0.1608707,0.0752211,0.7338519
Test_309,4.3842334e-07,0.0048057577,0.99518377,1.0018126e-05
Test_310,2.8597937e-05,0.03234164,0.9676229,6.8521117e-06
Test_311,0.00018622386,0.052672327,0.94513273,0.0020086595
Test_312,2.086154e-06,4.8213366e-05,9.126718e-07,0.99994886
Test_313,0.00011446486,0.018423997,0.00094228046,0.98051924
Test_314,0.012662989,9.8489276e-05,0.0033857387,0.98385274
Test_315,0.0017544142,9.0466514e-05,5.127093e-05,0.99810386
Test_316,0.036182467,0.025584793,0.9310782,0.0071545537
Test_317,0.00038596475,0.0017396149,0.9976682,0.00020619355
Test_318,0.045444492,0.3671417,0.1962671,0.3911467
Test_319,8.495705e-06,0.008429181,0.9913734,0.0001889349
Test_320,0.0029783335,0.009935332,0.98264587,0.0044404706
Test_321,0.33926293,0.3554554,0.28857726,0.016704472
Test_322,0.6225701,0.11258087,0.25107843,0.013770615
Test_323,0.0003780116,0.0027003693,0.9968669,5.4761545e-05
Test_324,6.5718105e-08,0.0004918083,0.999508,3.3401772e-08
Test_325,0.010958924,0.011494442,0.0014956397,0.97605103
Test_326,5.0185232e-08,2.6967396e-05,0.99997294,5.634487e-08
Test_327,0.2699395,0.055409193,0.0056593404,0.6689919
Test_328,1.3656973e-08,8.686756e-05,0.9999131,6.7314105e-08
Test_329,7.601376e-08,8.7543555e-08,0.99999976,9.887649e-11
Test_330,2.949112e-07,0.3225285,0.6773912,7.991473e-05
Test_331,0.28307092,0.10849093,0.30663934,0.30179882
Test_332,0.6793035,0.0041924655,0.005606502,0.31089744
Test_333,1.4292225e-05,0.43880934,0.5607476,0.00042871197
Test_334,4.1486963e-08,0.00018446885,0.9998151,3.469321e-07
Test_335,0.99126655,0.0028059285,0.0013293352,0.004598101
Test_336,0.10053458,0.062309008,0.8252842,0.0118721295
Test_337,0.98171633,0.0046636807,0.00024422182,0.013375708
Test_338,0.9978848,0.0003611594,0.0005630738,0.0011910507
Test_339,1.7448363e-05,0.017646475,0.982326,1.0121709e-05
Test_340,0.0011966671,0.0001964235,0.99854076,6.611265e-05
Test_341,0.77531695,0.012895733,0.0009183776,0.21086898
Test_342,0.99680126,0.0022563497,0.00067971554,0.00026271632
Test_343,0.7416395,0.0005940813,1.2940516e-06,0.25776508
Test_344,1.8387049e-11,8.4216947e-07,0.99999917,2.05713e-13
Test_345,4.7640828e-08,0.00015111871,0.99984884,2.6808817e-09
Test_346,8.470153e-12,3.8617047e-11,1.0,5.686537e-16
Test_347,3.2226507e-07,8.1318854e-07,0.9999988,1.8593126e-09
Test_348,0.0011987139,0.011708738,0.0036737341,0.9834189
Test_349,0.49422014,0.07266122,0.3838672,0.04925138
Test_350,0.00012029324,0.004142432,0.00013311655,0.9956041
Test_351,7.212784e-06,0.0024796256,0.99751246,6.655386e-07
Test_352,0.0013134932,0.05653614,0.27869922,0.6634511
Test_353,0.017151974,0.061545577,0.91569763,0.00560487
Test_354,2.3932318e-05,0.00016186105,0.9998083,5.777813e-06
Test_355,0.15244205,0.18621363,0.10717268,0.5541717
Test_356,0.9989563,0.00016399208,4.177865e-05,0.00083791075
Test_357,0.99794656,0.0004591563,0.00019881125,0.0013955142
Test_358,0.038733415,0.5216033,0.3989295,0.040733796
Test_359,0.0001796499,0.0006044914,6.3691325e-05,0.9991522
Test_360,0.129047,0.08396623,0.08436357,0.7026231
Test_361,0.9741158,0.0029617012,0.010262489,0.012659938
Test_362,0.7327409,0.0044505494,0.13302733,0.12978134
Test_363,1.2561391e-05,1.7086504e-05,0.9999703,9.70607e-08
Test_364,6.912077e-06,0.0029848032,0.99670947,0.00029878435
Test_365,0.00071098004,0.0073252516,0.9919368,2.6896461e-05
Test_366,2.942421e-08,1.3452098e-05,0.9999865,9.2174375e-09
Test_367,9.865323e-05,0.005814449,0.00015925338,0.9939276
Test_368,0.13464606,0.00017660449,0.8519049,0.013272442
Test_369,1.205075e-05,0.0010250848,1.145139e-05,0.99895144
Test_370,3.3921456e-08,2.873531e-06,0.9999969,1.8848392e-07
Test_371,0.0068829935,0.07338446,0.9029398,0.01679277
Test_372,0.0014649107,0.12034741,0.015290843,0.86289686
Test_373,1.5947261e-08,3.1568732e-05,0.9999684,4.8853433e-08
Test_374,0.00063856115,0.0063310224,0.99299663,3.382995e-05
Test_375,0.002368324,0.0009917553,2.4928682e-05,0.996615
Test_376,0.9799677,0.009773245,0.0006745169,0.009584542
Test_377,0.9749621,0.013620274,0.004674329,0.0067432895
Test_378,3.056156e-05,0.004290965,0.9956652,1.3333137e-05
Test_379,3.7757727e-05,0.003445147,0.99646914,4.7970778e-05
Test_380,0.003111682,0.049963113,0.01128642,0.9356388
Test_381,0.7106525,0.0022088562,0.00027091333,0.28686777
Test_382,0.0042304713,0.04368029,0.0037902626,0.948299
Test_383,0.9880627,0.0015671074,0.00013995658,0.010230233
Test_384,0.0005232972,0.019189755,0.98016626,0.000120583645
Test_385,0.0018013739,0.104458176,0.3270216,0.5667189
Test_386,1.1661965e-05,0.09158808,0.90633523,0.0020650136
Test_387,0.099578775,0.09394115,0.019875128,0.7866049
Test_388,0.988781,0.00049875054,0.008928071,0.0017921634
Test_389,0.8244558,0.004742364,0.17077003,3.1705793e-05
Test_390,0.32973891,0.00084736705,0.0001588764,0.6692549
Test_391,1.4464395e-06,0.0016807261,0.99831706,6.888534e-07
Test_392,0.0014283477,0.0059688846,0.9915314,0.0010713962
Test_393,0.019381465,0.05852058,0.010023687,0.9120742
Test_394,0.1485286,0.006609797,0.0036213293,0.8412403
Test_395,6.6043365e-05,0.035132013,0.9646091,0.00019291158
Test_396,0.02465072,0.33524594,0.41766194,0.22244146
Test_397,0.0039360807,8.067668e-05,4.2085676e-06,0.9959791
Test_398,1.1959318e-09,0.00747351,0.9925264,4.2129436e-08
Test_399,0.7416347,7.710986e-05,0.00021822729,0.25807
Test_400,0.00014273585,0.051806785,0.9472942,0.0007563389
Test_401,9.1001385e-07,0.00016644296,0.9998324,1.6874952e-07
Test_402,0.0021241226,0.007372673,0.0010344893,0.98946875
Test_403,0.048061546,0.20602293,0.74293834,0.0029772152
Test_404,0.011953296,0.005904948,0.0012804815,0.98086125
Test_405,1.8217812e-06,2.776334e-05,4.404701e-07,0.99996996
Test_406,3.6143736e-06,0.0005439101,2.753835e-06,0.9994498
Test_407,2.672357e-06,0.0017756298,3.9520387e-06,0.99821764
Test_408,0.00012603951,0.0011460399,2.964592e-06,0.9987249
Test_409,0.579588,0.029357037,0.3850226,0.00603227
Test_410,0.00013801502,7.667377e-05,2.4720232e-06,0.9997828
Test_411,0.99997497,2.6669732e-06,3.1193758e-06,1.9275158e-05
Test_412,0.00012196657,0.051970284,0.9473681,0.00053964293
Test_413,0.9927884,0.00047126715,0.00028730815,0.0064530196
Test_414,6.3383304e-10,0.00019272449,0.99980724,1.3696885e-10
Test_415,4.093286e-10,8.37569e-08,0.9999999,2.5431073e-13
Test_416,0.0017993087,0.0040137093,0.0045001428,0.9896869
Test_417,9.756669e-09,2.2818354e-06,0.99999774,6.8492645e-10
Test_418,0.99977314,0.000113173046,4.070043e-05,7.301324e-05
Test_419,0.97749025,0.000665634,0.021709066,0.00013513325
Test_420,1.6815372e-07,9.75787e-05,0.99990225,1.24824435e-08
Test_421,0.0010964186,0.0009621024,9.169472e-05,0.9978498
Test_422,0.0014303646,0.06354508,0.00029230097,0.93473226
Test_423,2.2947985e-08,0.004302305,0.9956975,1.8928189e-07
Test_424,0.0013288007,0.19980861,0.78606063,0.012801951
Test_425,0.13074633,0.05012892,0.0006776748,0.8184471
Test_426,4.9057202e-05,0.00023159273,0.9996414,7.793601e-05
Test_427,5.6462767e-08,4.8841315e-07,1.8757426e-08,0.9999994
Test_428,3.352288e-07,6.834185e-08,1.2558667e-09,0.9999995
Test_429,3.3062474e-06,0.046662427,0.95319426,0.00014006357
Test_430,0.30534765,0.32778168,0.36149698,0.005373672
Test_431,0.99704885,8.8187035e-06,8.6950204e-05,0.0028552378
Test_432,0.01200159,0.05555918,0.0007837697,0.93165547
Test_433,1.9733993e-06,3.6379868e-05,1.7080406e-07,0.9999615
Test_434,8.477184e-06,0.0004874969,0.00013055184,0.99937344
Test_435,0.69421166,0.011992704,0.00010875706,0.29368687
Test_436,0.00095722947,0.063144445,0.0018621918,0.9340362
Test_437,0.0005334229,0.061024554,0.9384252,1.6877037e-05
Test_438,6.690943e-08,0.009428296,0.9905692,2.3929708e-06
Test_439,0.0012844392,0.00092868763,0.9976509,0.00013597467
Test_440,2.074687e-06,0.0011340606,0.9988531,1.08683225e-05
Test_441,0.7541548,0.092801265,0.05206465,0.100979276
Test_442,2.0316026e-08,8.352659e-07,0.99999917,2.1852319e-08
Test_443,0.0017130873,0.06054102,0.017689759,0.9200562
Test_444,0.9745788,0.011739621,0.0121905105,0.0014911067
Test_445,2.042083e-07,7.455823e-05,0.99992454,5.99255e-07
Test_446,0.01373553,0.048605204,0.9117741,0.02588514
Test_447,0.0037076147,0.0030175021,0.9929594,0.00031550703
Test_448,2.1926126e-05,0.022365522,0.9774893,0.00012323198
Test_449,0.0005796288,0.028260058,0.016126158,0.95503426
Test_450,0.07078108,0.0054810136,0.92324764,0.0004903254
Test_451,1.1990804e-07,0.0016655365,0.9983342,8.718032e-08
Test_452,0.0064183935,0.059614908,0.9328498,0.0011169265
Test_453,0.0064178966,0.16047898,0.035812184,0.7972909
Test_454,2.1914834e-06,0.0024147013,0.9975811,1.9817237e-06
Test_455,1.8510736e-06,3.943694e-05,2.1372375e-06,0.9999566
Test_456,0.0014489843,0.079782695,0.91761655,0.0011518268
Test_457,0.00060631905,0.0020171795,5.3846525e-05,0.99732256
Test_458,0.9412394,0.010496114,0.03600378,0.012260719
Test_459,1.476364e-07,6.214193e-06,0.9999937,3.0895166e-08
Test_460,0.067135155,0.20820166,0.20286079,0.5218025
Test_461,0.0057238443,0.1476126,0.015062493,0.8316011
Test_462,3.4759476e-05,0.27088395,0.7191892,0.009892129
Test_463,0.0010962745,0.059046857,0.81276685,0.12708998
Test_464,0.9817444,0.0023169895,0.0007728393,0.015165793
Test_465,4.0077957e-05,0.0053141303,0.99460566,4.002872e-05
Test_466,4.2834736e-09,3.3504094e-07,0.99999964,4.9663336e-11
Test_467,0.0009566579,0.14137203,0.3774652,0.48020616
Test_468,0.9201133,0.03420873,0.018770382,0.026907561
Test_469,0.0006695397,0.003446114,0.9911972,0.0046871947
Test_470,4.429527e-06,0.00055266806,5.5530676e-05,0.9993874
Test_471,0.00928906,0.001598679,0.98861545,0.0004967267
Test_472,0.9700963,0.0013325949,0.027670927,0.00090017874
Test_473,0.26706907,0.42926037,0.13609904,0.16757144
Test_474,2.248133e-05,0.028369017,0.97147655,0.00013196652
Test_475,0.03260304,0.389387,0.16045162,0.41755837
Test_476,0.0009904978,0.0035183458,4.440574e-05,0.99544674
Test_477,0.0003399056,0.000177234,6.2151503e-06,0.99947655
Test_478,0.00047894169,0.010510693,0.00022219829,0.9887882
Test_479,0.7526029,0.0090414,0.0073365597,0.23101915
Test_480,2.2157765e-07,0.060717642,0.93927765,4.4666594e-06
Test_481,0.2656986,0.5910322,0.007740093,0.13552906
Test_482,5.822705e-06,0.00010681071,2.1633116e-06,0.9998852
Test_483,0.005421518,0.0019085136,0.99251294,0.00015705937
Test_484,0.27056476,0.009618012,0.019024495,0.7007928
Test_485,0.999757,9.907656e-05,7.610814e-05,6.781222e-05
Test_486,0.004899517,0.030219845,0.0009215287,0.96395916
Test_487,0.9390542,0.009219022,0.029828481,0.021898296
Test_488,0.001005468,0.22752456,0.75040287,0.021067074
Test_489,2.1709727e-07,0.007826266,0.9921697,3.8532935e-06
Test_490,0.00083295815,0.0010028854,0.9980672,9.6900796e-05
Test_491,0.0033328766,0.0026619819,0.99398035,2.473448e-05
Test_492,0.0010150756,5.5854536e-05,0.0005127387,0.9984163
Test_493,3.6761915e-06,0.6364773,0.25123423,0.1122847
Test_494,0.00013197129,0.06894994,0.9304009,0.00051719334
Test_495,0.0006889444,0.028185422,0.0018805857,0.96924496
Test_496,0.998478,4.465069e-05,0.0013264974,0.00015089168
Test_497,0.00018425031,0.032413665,0.20196919,0.7654329
Test_498,0.94996434,0.018932756,0.0096672885,0.021435631
Test_499,0.00043697172,0.0018973893,0.99766517,4.8532297e-07
Test_500,3.9837792e-05,1.324886e-05,0.99986637,8.05402e-05
Test_501,0.9967362,0.00033706514,0.0017926961,0.0011340658
Test_502,0.4866583,0.14688012,0.35721308,0.009248469
Test_503,6.292548e-08,4.939603e-07,0.9999994,1.9303746e-08
Test_504,0.3742212,0.00013816802,6.3309253e-06,0.62563425
Test_505,0.9715891,2.64754e-05,0.02648765,0.0018967493
Test_506,5.0518756e-06,0.7620497,0.22584133,0.012103985
Test_507,2.0552787e-05,0.024428291,0.9754562,9.497315e-05
Test_508,6.7204295e-09,0.00031506002,0.9996849,1.5342339e-08
Test_509,4.51981e-06,0.0025476431,0.9974118,3.6117795e-05
Test_510,1.8446917e-07,0.06096978,0.93902403,5.9177846e-06
Test_511,6.7942215e-06,0.0003728471,1.8544403e-06,0.9996184
Test_512,0.9965262,0.0004844939,0.0019681528,0.0010211333
Test_513,0.0021679103,0.13197863,0.00041185855,0.8654416
Test_514,0.9587666,0.020655395,0.006812114,0.0137659
Test_515,1.2238471e-05,0.0043581114,0.9956238,5.8267024e-06
Test_516,0.0007247029,0.3317509,0.665647,0.0018773581
Test_517,0.00010955361,0.076784134,0.018133547,0.9049728
Test_518,3.926084e-06,0.00011262901,0.9998592,2.4166842e-05
Test_519,0.09698583,0.5974633,0.045138307,0.26041254
Test_520,8.801773e-11,3.278489e-05,0.9999672,4.957648e-10
Test_521,0.037454773,0.008789742,0.00019919888,0.9535563
Test_522,2.1463936e-08,8.157443e-07,0.99999917,2.308583e-09
Test_523,3.0988187e-05,0.0014098034,0.998425,0.00013428986
Test_524,0.0100421775,0.016450696,0.83465666,0.13885044
Test_525,0.76775086,0.17008981,0.046110258,0.016049083
Test_526,0.00017055792,0.12205749,0.86844546,0.009326626
Test_527,2.9720497e-05,0.00021631063,0.99975306,9.58029e-07
Test_528,5.3554385e-07,3.1715612e-05,0.9999678,1.28218005e-08
Test_529,0.016528148,0.006946904,7.790996e-05,0.976447
Test_530,0.9869719,0.0017297199,2.683475e-05,0.011271492
Test_531,8.607644e-05,0.00015095006,0.9997497,1.3330465e-05
Test_532,0.0011925246,0.07764565,0.8426612,0.07850063
Test_533,0.6127216,0.31765726,0.0017337769,0.06788734
Test_534,3.600442e-05,0.0061768545,0.00012223532,0.9936648
Test_535,9.83258e-08,0.00034893383,0.99965084,1.1483792e-07
Test_536,1.0191028e-06,4.4767758e-06,0.9999943,2.085798e-07
Test_537,2.3403848e-06,5.0977063e-09,0.9999976,1.9846198e-09
Test_538,6.3772654e-07,1.5662919e-06,4.750697e-09,0.99999785
Test_539,1.0144039e-08,1.7874678e-06,0.9999982,2.523544e-09
Test_540,6.605219e-06,0.00020598852,0.99974626,4.1214527e-05
Test_541,0.0050290413,0.008857184,0.98552865,0.0005850989
Test_542,0.99826586,0.0003549912,0.0012378288,0.0001412991
Test_543,0.0023513818,0.7528768,0.1938677,0.050904047
Test_544,0.054392565,0.04734624,0.78752434,0.11073681
Test_545,2.675605e-06,0.0036897424,0.99629134,1.619141e-05
Test_546,0.07654863,0.08654856,2.0624753e-05,0.8368822
Test_547,0.00017723333,0.011138737,0.988639,4.499291e-05
Test_548,2.1732429e-05,0.20151696,0.7983795,8.195228e-05
Test_549,0.0017790237,0.0008310906,4.1034773e-06,0.9973858
Test_550,9.885036e-05,0.035670284,0.0002652598,0.9639655
Test_551,0.9999006,3.872333e-05,5.70354e-05,3.7620755e-06
Test_552,2.499136e-05,0.0446603,0.9458231,0.009491627
Test_553,6.577846e-05,0.00045607428,0.00016170184,0.99931645
Test_554,3.3957214e-05,0.36406606,0.0027045258,0.63319546
Test_555,0.07760331,0.540644,0.29290506,0.08884763
Test_556,0.73453486,0.11734255,0.0033042124,0.1448185
Test_557,0.00028620765,0.44922137,0.5238641,0.026628405
Test_558,1.1709152e-05,0.0068114894,0.99315035,2.640206e-05
Test_559,0.9982582,0.00029643375,0.0014399999,5.370307e-06
Test_560,4.8072998e-05,0.0008634057,0.99896204,0.00012638833
Test_561,1.7799748e-05,0.48071796,0.22580062,0.2934637
Test_562,0.00037025055,0.0042024083,0.9951408,0.00028660227
Test_563,2.167458e-05,0.12508537,0.87430316,0.00058985275
Test_564,0.0006768784,0.12007888,0.8677911,0.011453078
Test_565,7.700968e-05,0.03769295,0.96168613,0.00054393953
Test_566,1.8680669e-06,0.009632907,0.99036,5.1499064e-06
Test_567,0.001870977,0.01510798,0.0019654634,0.9810556
Test_568,0.04436675,0.0020378146,0.94571996,0.00787556
Test_569,0.74370253,0.017512169,0.036316257,0.2024691
Test_570,0.23339337,0.09270185,0.40840676,0.265498
Test_571,1.9239753e-05,7.499605e-06,0.99997044,2.8693364e-06
Test_572,0.9297507,0.004290364,0.0047140163,0.06124485
Test_573,0.97262627,0.0024244199,0.0019751857,0.022974167
Test_574,0.040819272,7.994292e-06,9.3074086e-05,0.9590796
Test_575,0.1134978,0.32099754,0.0017336162,0.563771
Test_576,0.30027503,0.0071345773,0.008871811,0.68371856
Test_577,0.01005584,0.005443121,0.000248116,0.98425287
Test_578,0.0029115411,0.019089378,0.010798162,0.96720093
Test_579,0.52703184,0.28879648,0.012370224,0.17180142
Test_580,2.0482805e-06,0.002338773,0.9976519,7.3560227e-06
Test_581,0.9949242,2.5690746e-05,0.0036565294,0.0013935333
Test_582,0.000544616,0.28801677,0.7045026,0.006936077
Test_583,0.056415267,0.026074758,0.012576151,0.9049338
Test_584,1.0295586e-06,2.2397535e-05,0.9999765,1.0732416e-08
Test_585,0.00040275295,0.0066913865,0.99239683,0.0005090973
Test_586,0.93477756,0.010611764,8.7162414e-05,0.054523554
Test_587,0.00021585429,0.0025808807,0.997195,8.188909e-06
Test_588,1.0938295e-07,7.705934e-07,0.99999917,4.1680073e-11
Test_589,5.4211785e-08,0.12686747,0.8728514,0.00028106716
Test_590,1.1618075e-05,0.0037756162,0.9962011,1.1702332e-05
Test_591,1.2394348e-07,4.159019e-05,0.9999583,3.9872807e-09
Test_592,0.9707667,0.014289099,0.0026223261,0.012321797
Test_593,1.6516673e-05,0.0043887706,0.9955473,4.7471964e-05
Test_594,8.634417e-07,1.2489256e-05,0.99998665,9.436888e-09
Test_595,0.00092173193,0.03492642,0.00077519304,0.96337664
Test_596,0.876477,0.026222989,0.06670208,0.030597879
Test_597,8.3421655e-05,4.1254476e-05,3.1899057e-07,0.99987495
Test_598,3.318513e-05,0.0123939775,0.9873946,0.000178246
Test_599,0.0016048454,0.0042546033,0.00029536968,0.99384516
Test_600,1.7176283e-09,0.007386238,0.9926137,5.7841262e-08
Test_601,5.8202804e-05,0.22909935,0.00240115,0.7684413
Test_602,0.0029900037,0.35461307,0.068874165,0.5735228
Test_603,8.832512e-05,0.002820538,0.00013149276,0.9969595
Test_604,7.0147316e-08,5.5806206e-05,0.9999441,3.4489114e-09
Test_605,0.3138898,0.1659766,0.5136735,0.006460114
Test_606,0.16907927,0.14637512,8.7995104e-05,0.6844576
Test_607,0.53814536,0.0022351777,0.0018679873,0.45775148
Test_608,9.0240464e-05,0.0098573975,0.00017599176,0.98987633
Test_609,0.8759814,0.0069461004,0.0004279397,0.11664459
Test_610,7.108557e-06,0.54263467,0.014966421,0.4423918
Test_611,0.9962817,0.0002469984,0.00013736915,0.0033339188
Test_612,1.02808535e-08,1.3535436e-07,0.9999999,2.6627327e-11
Test_613,0.981898,0.00375615,0.013285497,0.0010604499
Test_614,0.00023387987,0.034079988,0.9654763,0.0002098324
Test_615,7.944787e-06,0.04078865,0.9590608,0.0001426801
Test_616,0.00060121407,0.0002470945,3.1828326e-06,0.9991485
Test_617,0.9338641,0.017616458,0.046787962,0.0017314529
Test_618,7.7020355e-05,0.015535501,0.00028101556,0.9841065
Test_619,0.38456225,0.04005573,0.001608276,0.57377374
Test_620,4.9338705e-06,0.04315924,0.95680577,3.0053752e-05
Test_621,7.4846967e-06,0.80920345,0.027244462,0.16354471
Test_622,0.0017299468,0.04644451,0.950432,0.0013934538
Test_623,0.08710703,0.26508194,0.19835657,0.4494544
Test_624,5.3437987e-05,0.0011172412,0.9985512,0.00027805383
Test_625,0.89433104,0.0013358211,0.00032979037,0.10400338
Test_626,0.4217907,0.024353744,0.54983985,0.0040156785
Test_627,0.010961812,0.0023201706,9.421452e-05,0.98662376
Test_628,0.017384112,0.050683152,0.013752659,0.9181801
Test_629,0.88830453,0.032706372,0.068706796,0.010282347
Test_630,0.9979177,0.0003864449,0.00039142647,0.001304518
Test_631,0.9715067,0.011691164,0.0043961755,0.012405951
Test_632,0.87467855,0.009144705,0.0049611856,0.11121557
Test_633,0.000116753574,0.00073606387,0.9991379,9.308428e-06
Test_634,0.0030613977,0.0010685959,0.0002497195,0.9956203
Test_635,0.97780764,0.0042905076,0.00015596913,0.017745823
Test_636,0.0001526641,0.07554084,0.022397581,0.9019088
Test_637,0.01154148,0.0010630841,0.9858704,0.0015248926
Test_638,0.97814375,0.0076086675,0.0056597115,0.008587883
Test_639,0.0009482265,0.0007396199,0.9983108,1.3581039e-06
Test_640,0.11612579,0.020280188,0.031225303,0.8323687
Test_641,3.8365417e-07,0.38287556,0.6171177,6.3111715e-06
Test_642,7.863313e-06,7.918056e-05,5.3096046e-06,0.9999076
Test_643,0.96923196,0.017147865,0.010379239,0.003240983
Test_644,0.15369505,0.1906479,0.007445354,0.64821166
Test_645,0.98849314,0.0052543124,0.002439816,0.0038126996
Test_646,2.1268706e-08,1.530744e-05,0.9999846,2.6060304e-08
Test_647,2.6855741e-06,0.018194428,0.9817931,9.820453e-06
Test_648,0.9960402,0.00036487597,0.0021266288,0.0014683504
Test_649,2.6089989e-05,0.00027081592,0.99970156,1.5261735e-06
Test_650,5.4208393e-10,5.7620215e-05,0.9999424,2.519016e-10
Test_651,3.3682984e-06,0.00010178411,7.3862857e-06,0.99988747
Test_652,0.00042169358,0.00020414048,0.99936694,7.2121284e-06
Test_653,0.9850472,0.009256019,0.0013709435,0.0043257633
Test_654,0.0040249266,5.5810824e-07,0.99595153,2.300678e-05
Test_655,2.333891e-06,8.928039e-05,1.3342755e-05,0.999895
Test_656,0.00022300029,0.02057363,0.0009222326,0.9782811
Test_657,9.0536935e-07,0.0012569175,0.9987361,6.0086845e-06
Test_658,0.9991241,9.290745e-05,0.0004232581,0.00035972768
Test_659,0.061278358,0.10618232,0.708056,0.12448335
Test_660,0.00012780988,0.4067232,0.58706015,0.0060888366
Test_661,7.355611e-05,0.00017142999,4.9892924e-07,0.9997546
Test_662,9.663112e-06,4.205542e-05,1.0056611e-06,0.9999472
Test_663,7.0900983e-06,0.0020612292,0.9979081,2.358692e-05
Test_664,1.1308689e-06,0.00086614914,0.99913216,6.1247135e-07
Test_665,0.0026638047,0.12023544,0.02514527,0.85195553
Test_666,0.002445674,0.009171011,0.98787737,0.00050586235
Test_667,0.9481939,0.0063472074,0.0024169637,0.043041926
Test_668,0.00024928106,0.0023508288,0.9972988,0.00010114584
Test_669,1.2788701e-12,7.3812434e-10,1.0,3.1428624e-15
Test_670,1.2143664e-06,5.300125e-06,0.99999356,4.138054e-09
Test_671,8.151055e-08,6.950992e-05,0.9999287,1.6902777e-06
Test_672,0.9907697,0.0011061591,0.00023930127,0.00788488
Test_673,0.0001529077,0.45811164,0.541019,0.00071639573
Test_674,2.071964e-06,0.02330645,0.97662497,6.647077e-05
Test_675,0.9974808,0.00026924533,0.0021314614,0.00011852201
Test_676,0.6860453,0.05888776,0.06189567,0.19317123
Test_677,1.5803513e-05,0.010452227,0.00048786416,0.9890441
Test_678,0.11948141,9.6024065e-05,0.009066777,0.87135583
Test_679,0.5407495,0.016429072,0.42932284,0.013498585
Test_680,0.01939261,0.07407624,0.0017944094,0.90473676
Test_681,0.7300558,0.17704196,0.033089723,0.05981251
Test_682,0.7913878,0.083508566,0.015858173,0.10924542
Test_683,0.0002358196,0.01403597,0.0059240707,0.97980416
Test_684,9.481277e-06,0.0009154206,4.1346655e-05,0.99903363
Test_685,0.9979971,0.00022430382,4.1355783e-05,0.0017371747
Test_686,0.00024896697,0.0010471764,1.0674041e-05,0.99869317
Test_687,0.97178876,0.004014191,0.021734588,0.0024624362
Test_688,0.06240429,0.27803767,0.56089324,0.098664895
Test_689,6.2204024e-05,0.0002871231,2.4341646e-06,0.99964833
Test_690,0.014015852,0.014340826,0.0016835029,0.9699599
Test_691,0.979815,0.0029323052,0.01707539,0.00017725819
Test_692,3.054023e-06,0.00030181953,0.9996949,1.8151893e-07
Test_693,0.99711084,0.0005660946,0.0017642012,0.00055889256
Test_694,0.0011881052,0.008087815,4.9870932e-06,0.99071914
Test_695,0.9962769,0.0021450755,0.00011866968,0.0014593768
Test_696,0.00047090248,0.00082097674,0.9976762,0.0010320351
Test_697,9.0026064e-05,1.5213298e-05,0.99988484,9.977191e-06
Test_698,0.95467025,0.009270964,0.031299148,0.0047597163
Test_699,4.168972e-08,1.507353e-05,1.1847987e-08,0.999985
Test_700,7.695392e-09,3.438977e-07,0.99999964,3.049948e-09
Test_701,0.13819171,0.005214559,0.015727429,0.8408664
Test_702,0.0069019627,0.0103409905,0.00013674881,0.98262036
Test_703,0.0033983523,0.014485989,0.98154426,0.000571512
Test_704,2.2353287e-10,3.1138308e-07,0.99999964,7.6900715e-11
Test_705,2.9543233e-05,0.0033193917,0.99663275,1.8256287e-05
Test_706,0.9939329,0.001807559,0.0028744785,0.0013850951
Test_707,0.00079372106,0.002407967,0.000225016,0.9965733
Test_708,0.78645974,0.010588469,0.00033913145,0.20261267
Test_709,3.9338106e-09,2.4400945e-06,0.9999976,5.5114552e-11
Test_710,7.254068e-05,0.018085437,0.9813266,0.00051550224
Test_711,0.99843365,3.6667352e-05,0.0002827224,0.0012470457
Test_712,0.029135967,0.11308303,0.004094678,0.85368633
Test_713,0.0033981348,0.25746977,0.0015976614,0.7375344
Test_714,0.002151931,0.8140111,0.005143327,0.17869364
Test_715,0.00059163704,0.0057688747,0.9928388,0.0008006658
Test_716,0.0040099667,0.03202412,0.009019986,0.9549459
Test_717,9.677285e-06,3.2470893e-05,0.99995756,3.0120898e-07
Test_718,0.00024817823,0.0019467624,0.99753356,0.0002714335
Test_719,0.00012819114,0.00048752374,0.99938357,7.412804e-07
Test_720,0.67903113,0.09840302,0.029348427,0.19321747
Test_721,5.5798943e-09,0.010626853,0.9893729,1.8274261e-07
Test_722,9.86534e-07,0.0940889,0.90589494,1.5162631e-05
Test_723,0.99392104,0.0008353215,0.004120616,0.001122946
Test_724,8.679745e-09,1.7821176e-05,0.99998224,5.3605913e-12
Test_725,0.33368292,0.06887282,0.55714226,0.04030204
Test_726,0.83822954,0.00702451,0.0035800403,0.15116598
Test_727,0.07283611,0.15225236,0.7678768,0.007034723
Test_728,3.8451827e-07,0.0025714044,0.9974189,9.341754e-06
Test_729,9.5439795e-08,2.2911112e-05,0.999977,7.727232e-10
Test_730,0.0008177565,0.05113068,0.85067666,0.097374886
Test_731,1.1172012e-07,2.8594104e-05,0.9999713,1.6511752e-08
Test_732,0.00072348485,0.23738529,0.7532001,0.008691092
Test_733,0.08180347,0.72224486,0.035429846,0.16052185
Test_734,0.9118442,0.005123917,0.00035145436,0.082680486
Test_735,0.9994129,5.420603e-05,1.9496203e-05,0.00051335065
Test_736,0.54511744,0.121549465,0.24554794,0.08778524
Test_737,0.05747003,0.24080022,0.4786108,0.22311889
Test_738,0.9710924,0.0023671011,0.015747666,0.0107929045
Test_739,3.7954821e-06,0.0014362959,0.99855703,2.8582613e-06
Test_740,3.0115836e-05,0.014346903,0.00020588565,0.985417
Test_741,0.08770945,0.012486485,0.0006327001,0.8991714
Test_742,0.12839603,0.0016432301,0.00017003158,0.86979073
Test_743,0.00039364447,0.031887244,0.9669074,0.0008117037
Test_744,0.0014887383,8.285049e-05,1.0323943e-05,0.9984181
Test_745,0.9802468,0.009293437,0.0069177495,0.003541992
Test_746,0.027569937,0.0015535363,0.9706992,0.00017729956
Test_747,0.33807108,0.0030901055,0.6586488,0.00019009113
Test_748,0.24424696,0.30692673,0.23596008,0.21286626
Test_749,0.00012916942,0.001604393,8.9047506e-05,0.9981774
Test_750,0.80422986,0.096082,0.02819707,0.07149098
Test_751,2.4971874e-07,3.2228018e-05,0.99996746,7.2350325e-08
Test_752,0.002551733,0.0007297474,6.9872954e-06,0.9967115
Test_753,3.4903103e-05,0.0041443086,0.99427795,0.0015429041
Test_754,0.22080761,0.32644153,0.38065574,0.072095074
Test_755,0.9163071,0.013202211,0.008918667,0.061571956
Test_756,0.99520206,0.0010788159,0.0012221322,0.00249702
Test_757,0.010184017,0.010131454,0.0004787102,0.9792057
Test_758,0.76856196,0.013059163,0.04580464,0.17257427
Test_759,0.7387094,0.05112687,0.0011129729,0.20905074
Test_760,0.97892016,0.0018766214,0.017809704,0.0013934452
Test_761,0.0003134744,0.15360534,0.040675983,0.80540526
Test_762,0.056062125,0.013394283,0.92756355,0.002980052
Test_763,8.5260154e-10,2.1132644e-05,0.9999788,5.813478e-08
Test_764,0.9967554,0.00036452024,0.0011119043,0.0017681236
Test_765,0.0030782595,0.97291166,7.9174875e-05,0.023930827
Test_766,0.0012805595,0.0045375405,0.0005004891,0.9936813
Test_767,0.887738,0.049562197,0.002733466,0.059966333
Test_768,0.036464665,0.029793724,1.4757712e-06,0.9337402
Test_769,1.9176468e-07,0.00014047553,0.9998592,2.8488818e-08
Test_770,0.88801664,0.0011589715,0.0031600401,0.10766444
Test_771,2.0580108e-05,0.00091784913,0.9980286,0.0010329451
Test_772,0.0002126937,0.41312364,0.294917,0.29174662
Test_773,2.0562571e-07,0.00047918127,0.9995204,1.09965946e-07
Test_774,3.384331e-05,0.012823355,0.0045873723,0.98255545
Test_775,0.0018089898,0.039943486,0.95789933,0.000348146
Test_776,0.98874646,0.0003615537,6.991198e-05,0.010822108
Test_777,0.9977047,0.0005720404,0.00053150917,0.00119174
Test_778,0.85977334,0.04246019,0.08579256,0.01197394
Test_779,0.028329892,0.006424081,0.0016158534,0.9636302
Test_780,0.9491306,0.001941643,0.00042967583,0.048498023
Test_781,0.99929357,0.00014031815,0.00045176144,0.00011437077
Test_782,1.7313014e-05,1.089533e-05,0.9999715,3.03794e-07
Test_783,0.0004748722,0.18382514,0.8139431,0.001756973
Test_784,1.9231338e-05,0.00037362627,0.9995979,9.2534165e-06
Test_785,0.9999615,4.5100874e-06,6.9094585e-06,2.7063623e-05
Test_786,5.9287813e-06,0.0056581604,0.9943345,1.3591083e-06
Test_787,2.4864547e-05,0.000118344375,0.9998287,2.8068214e-05
Test_788,0.16877113,0.0019135041,0.00032768416,0.82898766
Test_789,0.0010882253,8.2200595e-06,0.99887604,2.7536129e-05
Test_790,6.97817e-05,0.035371996,0.0028362127,0.96172196
Test_791,0.0018704343,0.00074932515,2.5143125e-05,0.9973552
Test_792,1.2104286e-05,0.0039083213,0.9960263,5.324962e-05
Test_793,8.539053e-06,0.024778523,0.975139,7.3934345e-05
Test_794,0.8611359,0.09476405,0.012138786,0.03196127
Test_795,0.0061073066,0.00648975,0.0005079102,0.986895
Test_796,2.8847169e-06,0.00025271307,0.9997441,2.697184e-07
Test_797,0.9938068,4.386909e-06,0.0061830836,5.693467e-06
Test_798,8.112753e-09,0.00076938764,0.9992306,4.902593e-08
Test_799,5.2656377e-09,3.0887444e-05,0.9999691,6.996153e-10
Test_800,5.656595e-05,0.041257843,0.9582816,0.0004040501
Test_801,0.00024468254,0.01400226,0.98544794,0.0003050361
Test_802,2.4307738e-07,0.00091566716,0.99908113,2.9060598e-06
Test_803,0.010921397,0.85305727,0.007212946,0.12880827
Test_804,2.0403926e-05,0.01850661,0.98109645,0.00037663893
Test_805,6.6851025e-11,3.8303865e-12,1.0,9.12119e-18
Test_806,0.116248645,0.49222073,0.037793178,0.35373747
Test_807,0.0007435518,0.84998447,0.037386246,0.11188573
Test_808,0.96625686,0.014006119,0.0069445693,0.012792463
Test_809,0.08812319,0.15587452,0.00034107562,0.7556612
Test_810,6.0782815e-05,0.012506806,0.9872105,0.00022191378
Test_811,0.9997037,8.782022e-06,0.00019219944,9.530445e-05
Test_812,3.319153e-06,0.00011314583,0.99988353,6.3695036e-09
Test_813,0.99856853,0.0003147619,0.0010093073,0.00010733539
Test_814,0.0005871357,0.0010837282,2.2757864e-05,0.9983064
Test_815,0.0032793134,0.048825398,0.0025198373,0.9453754
Test_816,8.780023e-05,0.064242885,0.0003353772,0.93533397
Test_817,2.5478089e-08,0.0014936924,0.99850565,6.208192e-07
Test_818,0.23906168,0.0025365741,0.00012696,0.75827485
Test_819,0.02094847,0.0031098172,0.97574675,0.00019501083
Test_820,0.7707562,0.03725147,0.035419416,0.15657298
Test_821,2.4652056e-07,9.697656e-05,1.0426832e-06,0.99990165
Test_822,0.07207238,0.028669786,0.0112163825,0.8880415
Test_823,0.9846427,0.0051583243,0.003630636,0.006568417
Test_824,0.21635096,0.14703725,0.03773023,0.59888154
Test_825,6.694046e-08,0.0015869291,0.9984127,2.3565784e-07
Test_826,4.0217645e-05,3.355143e-06,0.9999558,7.120203e-07
Test_827,2.3692228e-05,0.00088812324,0.9990748,1.3379625e-05
Test_828,3.8908644e-07,0.00021410189,0.9997854,8.797015e-08
Test_829,2.1182757e-06,0.006163362,0.0003071437,0.99352735
Test_830,0.057020888,0.026545186,0.9108791,0.005554734
Test_831,4.1416047e-06,0.0008821468,0.9990926,2.1121468e-05
Test_832,0.99994814,1.2480297e-05,9.403838e-06,2.9963445e-05
Test_833,1.416894e-07,0.00023826481,0.9997558,5.820336e-06
Test_834,2.4857138e-07,0.0014987773,0.99850094,5.9460376e-08
Test_835,5.9664366e-05,0.006711035,0.9931405,8.879035e-05
Test_836,0.74239945,0.20793082,0.025629427,0.024040313
Test_837,0.08320644,0.009121895,0.0017177503,0.90595394
Test_838,0.731276,0.08028187,0.1561323,0.032309808
Test_839,0.00038384565,0.0028270325,0.99663746,0.00015156712
Test_840,6.097388e-07,6.4401866e-05,0.9999349,5.2510185e-08
Test_841,0.00012133827,0.0015575768,1.3819356e-05,0.9983072
Test_842,0.9986259,0.00062997325,0.00012893067,0.0006152845
Test_843,1.4047237e-08,0.017929371,0.98207057,7.849579e-08
Test_844,0.16807799,0.0058602244,0.8253699,0.0006919284
Test_845,1.262969e-08,1.5180103e-06,0.99999845,3.3171285e-10
Test_846,0.0012311415,0.02627892,0.96704584,0.0054442
Test_847,7.3290685e-05,0.0016957391,0.9981641,6.691904e-05
Test_848,3.7939642e-06,0.0002047731,0.99979067,6.779343e-07
Test_849,0.002018987,0.007372382,0.00046025586,0.9901485
Test_850,0.028219484,0.041522015,0.8332561,0.09700237
Test_851,0.2757638,0.000117651354,0.00092856976,0.7231899
Test_852,6.992754e-08,4.4625664e-05,0.99995506,1.8917005e-07
Test_853,0.00018193809,0.19332734,0.78119224,0.025298392
Test_854,0.00040632518,0.008021613,0.0039538885,0.9876181
Test_855,0.0025572288,0.0056820507,0.0016337632,0.99012697
Test_856,0.9925734,0.00013980744,0.007268438,1.844312e-05
Test_857,0.0003053558,0.0004952683,0.9991881,1.11687905e-05
Test_858,0.00012785637,0.057476625,0.94224876,0.00014677466
Test_859,0.0006722175,0.0041653407,0.0002693676,0.994893
Test_860,0.9996234,3.134708e-06,0.00018338622,0.00018997215
Test_861,1.6116024e-05,0.039130516,0.95986855,0.0009847949
Test_862,0.035685077,0.02159678,0.940386,0.0023321088
Test_863,0.032905225,0.033982735,0.0067578605,0.9263542
Test_864,5.9307593e-05,0.00012783542,0.9998127,8.813862e-09
Test_865,0.000102216516,0.012562408,0.98727775,5.7520647e-05
Test_866,7.8684135e-09,0.00022060782,0.99977934,1.5860585e-09
Test_867,0.17866099,0.32249105,0.16116254,0.3376854
Test_868,0.0039888076,0.29796988,0.67813605,0.019905256
Test_869,0.006869181,0.49159077,0.014410962,0.48712915
Test_870,0.008744802,4.0664374e-05,1.2617367e-06,0.99121326
Test_871,0.117251605,0.0101425825,0.027107948,0.8454978
Test_872,0.03057846,0.22789063,0.025902601,0.7156283
Test_873,0.005227631,0.0012215282,1.8157183e-05,0.99353266
Test_874,0.012345995,0.066174805,0.9081848,0.013294402
Test_875,0.00013632303,0.0007343784,3.5031455e-05,0.99909425
Test_876,0.0076112216,0.13930021,0.05106627,0.8020222
Test_877,0.14249302,0.008222429,0.00038717058,0.8488974
Test_878,0.9548493,0.0041916617,0.00042100664,0.040538
Test_879,1.7288723e-05,0.046734367,0.9532442,4.213783e-06
Test_880,9.99266e-08,0.0006321899,0.9993649,2.7998785e-06
Test_881,1.0341231e-08,1.1872975e-09,1.0,8.4383065e-12
Test_882,0.0012630521,0.37984693,0.60930604,0.0095840115
Test_883,0.011005898,0.4900038,0.04452233,0.45446804
Test_884,0.22917122,0.48305464,0.14940555,0.1383686
Test_885,0.777473,0.20119056,0.0013054905,0.020030916
Test_886,0.99865013,0.00017547193,0.00072543777,0.0004489524
Test_887,0.5046922,0.018421227,0.4402458,0.036640707
Test_888,0.00045424904,0.0019534882,0.9975383,5.3911568e-05
Test_889,0.0012525204,0.011443691,0.9870942,0.0002096147
Test_890,0.5809506,0.034236956,0.3776535,0.0071589313
Test_891,0.4958836,0.052796554,0.020445956,0.43087393
Test_892,2.736024e-07,0.00026247464,0.99973637,9.1145677e-07
Test_893,0.00021175864,0.015990099,0.0052039693,0.9785941
Test_894,0.017533517,0.055083707,0.047709055,0.8796737
Test_895,0.9923989,3.5446183e-06,0.0075217695,7.5835655e-05
Test_896,0.7355958,0.11261589,0.028615829,0.123172514
Test_897,0.95543486,0.008803204,0.0017903147,0.033971645
Test_898,0.042482655,0.024767872,0.82499754,0.10775195
Test_899,0.00039061785,0.00046486265,0.99914145,2.9597652e-06
Test_900,2.1064768e-06,0.0016884563,7.5985125e-05,0.99823344
Test_901,8.0353595e-05,0.11261872,0.8872061,9.4810595e-05
Test_902,0.9854807,0.0022049397,0.011586889,0.00072739844
Test_903,3.7753455e-08,0.00012120139,0.99987876,3.7583817e-08
Test_904,0.56958985,0.10265918,0.0051743328,0.32257664
Test_905,1.1455915e-07,0.0016702838,0.9983261,3.5184264e-06
Test_906,0.00037801577,0.0001693516,0.999451,1.6066458e-06
Test_907,0.39470872,0.12169134,0.029330567,0.45426932
Test_908,3.11348e-08,0.00034799127,2.0209086e-06,0.99965
Test_909,0.9446104,0.0075477175,0.039248586,0.008593257
Test_910,2.3120672e-05,0.28522313,0.67618245,0.038571298
Test_911,0.065213405,0.0016087907,0.00023708155,0.93294066
Test_912,2.5009825e-07,0.0064111305,0.9935627,2.5918209e-05
Test_913,2.8073571e-05,0.0030450867,0.9969181,8.77895e-06
Test_914,1.9303397e-05,0.00012387663,1.7995217e-05,0.9998388
Test_915,1.15740015e-07,5.072359e-05,0.9999491,1.6899719e-08
Test_916,0.016701208,0.014021909,0.001795114,0.9674818
Test_917,5.654047e-05,0.29788673,0.6929083,0.009148413
Test_918,0.00019520082,0.0020173902,0.99775875,2.8683373e-05
Test_919,0.22036614,0.016213756,0.032309063,0.73111105
Test_920,0.00025383968,0.007488892,0.9921923,6.494655e-05
Test_921,0.071549505,0.6904008,0.007137934,0.2309118
Test_922,0.9981458,0.000519597,0.000106610554,0.0012280334
Test_923,0.5058988,0.21840104,0.2344438,0.04125635
Test_924,0.005662408,0.21136485,0.02548559,0.7574871
Test_925,0.99772257,0.001095952,7.561315e-05,0.0011058652
Test_926,1.3569318e-05,0.00015373451,0.99983263,4.7348088e-08
Test_927,0.6967655,0.08099048,0.018419778,0.20382422
Test_928,8.295318e-09,1.13160645e-07,0.9999999,1.7118503e-11
Test_929,0.006023232,0.115477316,0.10395527,0.77454424
Test_930,0.0019817203,0.0008274412,0.9971257,6.517985e-05
Test_931,0.50523,0.07482162,0.4031134,0.016835013
Test_932,0.0006619747,0.22936276,0.10461251,0.6653628
Test_933,0.98837775,0.0008521713,0.00040473213,0.010365313
Test_934,0.99392927,0.0013191656,0.0039471104,0.00080443267
Test_935,8.4495656e-07,0.0069199773,0.99237746,0.0007018127
Test_936,0.0016939747,0.00039270404,4.7208823e-06,0.99790853
Test_937,0.16974315,0.010361735,0.8186585,0.0012366438
Test_938,0.11471393,0.12887935,0.004763601,0.7516431
Test_939,0.94991356,0.00070989114,0.047658805,0.0017177449
Test_940,0.00035404527,0.0013713288,4.5818284e-05,0.99822885
Test_941,0.0009700199,0.0024886872,0.0026836994,0.99385756
Test_942,0.008827772,0.358166,0.0017172752,0.631289
Test_943,7.178531e-08,0.0002879498,0.999711,8.8192286e-07
Test_944,0.046410486,0.27636513,0.60296154,0.0742628
Test_945,0.9983638,3.655031e-05,4.529151e-05,0.0015543019
Test_946,6.29115e-07,3.4724086e-05,0.9999646,6.8328774e-08
Test_947,0.007295046,0.0052851792,0.0020312348,0.98538846
Test_948,0.8707789,0.011756059,0.037965067,0.079499915
Test_949,0.99883,0.00026342328,0.00023111077,0.0006754362
Test_950,0.00035114377,0.013674845,0.00030273778,0.98567116
Test_951,4.591878e-07,0.0034818791,0.9964612,5.650111e-05
Test_952,7.304941e-05,0.001311941,0.00059916335,0.9980159
Test_953,3.737992e-07,7.1560517e-06,1.6326581e-08,0.9999925
Test_954,0.7933564,0.009178159,0.0036110298,0.19385448
Test_955,0.9716859,0.00424126,0.0014902116,0.022582594
Test_956,1.7499278e-05,0.00019605656,8.94193e-07,0.99978554
Test_957,0.14901519,0.009904357,0.7944399,0.04664059
Test_958,0.021090401,0.047992684,0.0035284928,0.9273885
Test_959,5.3395084e-09,4.1131975e-07,0.99999964,1.8607713e-10
Test_960,5.8888712e-05,0.0008940116,0.99904424,2.9254782e-06
Test_961,0.974779,1.6488753e-05,0.02496348,0.00024104574
Test_962,0.21100758,0.16073403,0.6178532,0.01040518
Test_963,0.46959835,0.018443506,0.50783557,0.004122512
Test_964,2.7531105e-10,7.951479e-07,0.99999917,3.4609402e-11
Test_965,0.98537743,0.00026832684,0.0035714817,0.01078273
Test_966,9.137276e-07,0.013111302,0.9868867,1.10662e-06
Test_967,0.0006517066,0.006772413,0.99109864,0.0014772868
Test_968,1.5120332e-09,1.6247936e-10,1.0,7.7434944e-13
Test_969,5.01867e-07,0.0015350652,0.99845505,9.362658e-06
Test_970,0.99981797,3.7443303e-06,7.323388e-07,0.0001775951
Test_971,0.000748307,0.0005297968,1.510357e-06,0.99872035
Test_972,5.9155427e-06,0.0064897416,0.9935022,2.1384421e-06
Test_973,7.049669e-08,0.0061821113,0.9938174,4.048225e-07
Test_974,0.991138,0.00016314443,0.00038333,0.008315598
Test_975,0.9493988,0.00023877375,0.039343063,0.011019317
Test_976,2.1475776e-06,2.946888e-06,0.9999937,1.2827772e-06
Test_977,0.0015364271,0.3586946,0.21487689,0.42489204
Test_978,3.9755847e-08,6.7020403e-07,0.9999993,2.6857225e-09
Test_979,0.9980227,2.0442521e-06,0.0019252604,5.001831e-05
Test_980,0.00015443654,0.01510974,0.0005558101,0.98418003
Test_981,0.00087935734,5.851072e-05,9.859865e-07,0.99906117
Test_982,0.9892743,9.214053e-05,2.6826443e-05,0.010606751
Test_983,0.00012744973,0.23309816,0.75856054,0.008213869
Test_984,9.152266e-05,0.0028817307,0.0002483513,0.9967784
Test_985,0.021143852,0.25720358,0.13649273,0.58515984
Test_986,1.0244375e-05,0.00010788454,3.032745e-06,0.9998789
Test_987,2.5118252e-05,0.7504263,0.2257758,0.023772767
Test_988,0.9477021,0.0066510295,0.042061657,0.003585138
Test_989,0.98952466,0.0065712873,0.0032597855,0.0006442365
Test_990,0.043628145,0.014163615,0.0075129294,0.9346953
Test_991,1.9522131e-05,0.74373376,0.25482842,0.0014182553
Test_992,0.004405479,0.3302193,0.003274939,0.66210026
Test_993,0.39254448,0.04214207,0.46995777,0.09535566
Test_994,0.95896,0.0013115086,0.0050239223,0.03470465
Test_995,0.001441652,0.030107835,0.96689045,0.0015600013
Test_996,0.00050762435,0.079349115,0.9193092,0.00083411956
Test_997,1.5302436e-06,0.007134805,0.9926899,0.00017369675
Test_998,0.0003624799,0.01143162,0.98810893,9.696155e-05
Test_999,0.0007424006,0.007878604,0.9911498,0.00022925803
Test_1000,0.0020676937,0.0007579241,0.9971698,4.626824e-06
Test_1001,0.0010876363,0.22755677,0.7571948,0.014160757
Test_1002,0.00042606975,0.004803277,0.99398965,0.0007809063
Test_1003,0.01023211,0.008126999,0.0023177988,0.979323
Test_1004,0.00959484,0.0022938058,2.3318064e-05,0.98808795
Test_1005,0.9960155,0.0004974932,0.0034127114,7.4290765e-05
Test_1006,2.6938034e-07,4.2975647e-05,0.99994695,9.804224e-06
Test_1007,0.07254381,0.0003883838,0.00013857115,0.9269292
Test_1008,0.79598635,0.0038164335,3.9304272e-05,0.20015794
Test_1009,3.0603132e-05,0.20940152,0.78877354,0.0017944134
Test_1010,6.65277e-08,1.2004044e-06,0.9999987,4.0429566e-09
Test_1011,2.1202527e-10,1.0234553e-05,0.99998975,3.9232183e-11
Test_1012,0.00839372,0.0007573427,0.008562925,0.982286
Test_1013,5.989729e-08,0.00012037418,0.9998795,2.660873e-08
Test_1014,0.00053212716,0.006083177,0.99322385,0.0001608043
Test_1015,0.6956465,0.002441887,0.00068424095,0.3012274
Test_1016,0.0011007029,0.003910348,0.99471724,0.0002716641
Test_1017,4.7553926e-06,0.0011669401,0.9988192,9.088572e-06
Test_1018,4.1529533e-05,0.00029246425,9.508625e-07,0.99966514
Test_1019,9.122381e-07,0.0022772485,0.99771285,8.940365e-06
Test_1020,1.5880884e-09,2.1904171e-07,0.99999976,1.2815217e-12
Test_1021,3.6879483e-10,3.0770182e-06,0.9999969,3.1175805e-11
Test_1022,0.000403766,0.11028127,0.8828953,0.006419672
Test_1023,0.9434666,0.0011194331,0.051597666,0.0038162943
Test_1024,0.88321495,0.072849885,0.039099634,0.004835448
Test_1025,0.00477416,0.005405165,0.0003379636,0.98948276
Test_1026,0.89407897,0.032771245,0.06641782,0.0067320005
Test_1027,1.3265734e-06,4.8955182e-05,3.1101026e-06,0.9999466
Test_1028,0.9990872,0.00014528952,0.00070390594,6.355928e-05
Test_1029,0.99649704,0.0010593088,0.00082419586,0.0016194823
Test_1030,0.41770393,0.03899939,0.51134413,0.03195249
Test_1031,0.00017157648,3.2508568e-05,7.0089095e-07,0.9997952
Test_1032,0.0030799438,0.0009416371,1.8951017e-05,0.99595946
Test_1033,1.7296776e-08,2.1073011e-07,0.99999976,2.6883928e-10
Test_1034,3.163727e-07,0.000100518984,0.9998989,2.3869728e-07
Test_1035,7.5005446e-05,5.8229973e-05,0.99986625,5.3461537e-07
Test_1036,0.9845137,0.002646555,0.00069390744,0.012145856
Test_1037,0.77916884,0.0016963735,0.21619943,0.0029354081
Test_1038,1.7154933e-05,0.00074622885,6.509456e-05,0.99917144
Test_1039,0.00018120084,0.0009475607,3.4670527e-05,0.9988366
Test_1040,0.019165792,0.061602615,0.017545998,0.9016856
Test_1041,0.00016077832,0.029169627,0.9678183,0.0028511868
Test_1042,0.004147545,0.04247506,0.9531933,0.00018405181
Test_1043,0.00010959793,0.024479508,0.9744664,0.00094459276
Test_1044,0.02562933,0.62584,0.26949263,0.07903803
Test_1045,1.0139493e-06,1.8649962e-05,0.99998,3.4846798e-07
Test_1046,0.9716009,0.00022533505,0.004369167,0.02380454
Test_1047,0.5215883,0.0012686192,0.0690407,0.40810233
Test_1048,0.00019391702,0.003357847,6.551768e-06,0.99644166
Test_1049,0.01014046,0.006547242,0.008904329,0.974408
Test_1050,0.00044028694,0.0012252314,0.99828833,4.6098765e-05
Test_1051,0.49694484,0.33682004,0.010501456,0.15573366
Test_1052,0.7897985,0.0013833181,0.04425094,0.16456723
Test_1053,1.4165913e-06,0.003577488,0.9964181,2.9948596e-06
Test_1054,0.96431345,0.0021374098,0.03294585,0.00060320937
Test_1055,8.772261e-05,0.046952847,0.0047989567,0.94816047
Test_1056,5.8523455e-07,0.00049005676,0.99950933,7.912184e-09
Test_1057,0.0976555,0.074618146,0.0010342525,0.8266921
Test_1058,0.6904631,0.040038016,0.012577325,0.25692162
Test_1059,0.7314544,0.17492849,0.009459103,0.08415799
Test_1060,0.016570883,0.022421638,0.15832722,0.80268025
Test_1061,0.9921714,0.00028920142,0.0014995905,0.006039804
Test_1062,0.99922955,9.4279315e-08,1.5530859e-05,0.00075486425
Test_1063,0.000114524584,0.13136196,0.8632479,0.0052755615
Test_1064,0.010437298,0.2623959,0.0013372531,0.72582954
Test_1065,0.31495845,0.00038082807,0.19517201,0.48948872
Test_1066,0.0006071564,0.0033241361,1.0214639e-05,0.9960585
Test_1067,0.049479954,0.28082934,0.6594038,0.010286994
Test_1068,0.00035649684,0.36596388,0.6237177,0.009961869
Test_1069,0.058187053,0.0007663398,0.93238693,0.008659693
Test_1070,0.0018856367,0.0023116232,0.99572265,8.009269e-05
Test_1071,4.2343368e-07,5.0306495e-05,0.9999491,7.890872e-08
Test_1072,7.3785974e-05,0.020371223,0.9747592,0.00479578
Test_1073,4.9328068e-05,0.017907158,0.9817743,0.0002692768
Test_1074,0.19098651,0.025552228,0.76981467,0.013646676
Test_1075,3.5856846e-07,0.0039897542,0.9957634,0.00024648363
Test_1076,0.0059914337,0.13326721,0.8148831,0.045858238
Test_1077,0.9661506,0.0024858094,0.0013572702,0.030006262
Test_1078,1.7693683e-09,4.2912082e-10,1.0,3.4579058e-12
Test_1079,9.3617466e-08,0.033718254,0.96626765,1.4043679e-05
Test_1080,0.6762279,0.097840995,0.01914993,0.20678115
Test_1081,0.00016478922,0.2522834,0.7448147,0.0027371105
Test_1082,0.20308496,0.0053130435,0.0006550677,0.79094696
Test_1083,0.98166466,0.007263895,0.0042818813,0.0067895954
Test_1084,0.0014090235,0.31933272,0.62681043,0.05244778
Test_1085,7.474896e-05,0.0027409918,0.00014960069,0.99703467
Test_1086,0.0014720616,0.080031395,0.91609913,0.0023974986
Test_1087,0.4136328,0.0046268664,0.009886367,0.57185394
Test_1088,3.511891e-06,0.19649331,0.8034519,5.1264713e-05
Test_1089,0.00010528836,0.20803949,0.019584998,0.77227014
Test_1090,0.017437216,0.002412886,0.96066344,0.019486554
Test_1091,0.8003145,0.04528018,0.14843759,0.0059678005
Test_1092,0.69611156,0.17104304,0.059812136,0.07303326
Test_1093,0.00084560167,0.0002802921,8.4842555e-05,0.9987892
Test_1094,0.95909894,0.0057071536,0.02084666,0.014347257
Test_1095,0.0010355853,0.001649977,3.645121e-06,0.9973109
Test_1096,0.0007025659,0.048349954,0.15945347,0.7914941
Test_1097,0.85063785,0.05008722,0.052584503,0.046690322
Test_1098,0.37701902,0.1520471,0.051101107,0.41983286
Test_1099,0.80124056,0.073643774,0.009986488,0.11512919
Test_1100,6.2351404e-08,0.03753772,0.9624606,1.6412038e-06
Test_1101,0.7279638,0.18954177,0.046030935,0.036463507
Test_1102,1.407891e-08,8.938604e-06,0.99999106,1.3382063e-09
Test_1103,0.08184445,0.061147925,0.8362929,0.020714698
Test_1104,0.017641386,0.006428357,0.001024155,0.97490615
Test_1105,0.00020091119,0.016198108,8.801175e-05,0.98351306
Test_1106,0.92627037,0.010412352,0.015389198,0.04792812
Test_1107,7.477002e-10,4.7669847e-08,1.0,4.715978e-12
Test_1108,0.9993055,7.5216456e-05,0.0002643537,0.0003548942
Test_1109,0.89496356,0.023221895,0.015141707,0.066672884
Test_1110,9.636914e-08,0.00032494997,0.99967486,7.3870425e-09
Test_1111,1.0348868e-06,0.0005486211,0.9994461,4.156609e-06
Test_1112,0.99646,0.0008699343,8.8053086e-05,0.002582052
Test_1113,0.0107510695,0.028503638,0.9602793,0.00046597657
Test_1114,6.6216893e-07,7.031895e-06,0.99999225,4.732974e-08
Test_1115,1.1687724e-06,7.050869e-05,0.99992824,1.9453454e-09
Test_1116,1.6249112e-05,8.105231e-07,0.99998295,3.5974182e-11
Test_1117,0.8036323,0.17020234,0.001048767,0.025116676
Test_1118,9.4160754e-08,0.00025590658,0.9997429,1.0927439e-06
Test_1119,6.343232e-05,0.00033556175,3.978111e-05,0.99956125
Test_1120,0.00016859392,0.04318565,0.95608974,0.0005560401
Test_1121,3.9917864e-05,0.37094593,0.6285469,0.000467183
Test_1122,0.0002610092,0.020173246,0.004643535,0.97492224
Test_1123,0.9798012,0.00928907,0.008341464,0.0025682077
Test_1124,1.3835042e-08,5.2194487e-06,0.99999475,2.422089e-08
Test_1125,0.054406885,0.14922754,0.00033429556,0.79603124
Test_1126,0.998934,5.6572815e-05,0.000938238,7.1247065e-05
Test_1127,0.007949428,0.05918663,0.03562998,0.89723396
Test_1128,0.0003995509,6.046514e-05,0.99953586,4.14806e-06
Test_1129,5.972979e-08,3.287151e-05,0.999967,3.053016e-08
Test_1130,8.104429e-06,0.00021445169,2.659571e-05,0.9997509
Test_1131,0.98090553,0.002790972,0.015982993,0.0003204762
Test_1132,0.08733615,0.35732326,0.4805851,0.074755475
Test_1133,0.0071584457,0.2609324,0.6748577,0.057051472
Test_1134,2.1637563e-06,0.0004973037,0.9994892,1.1338312e-05
Test_1135,0.95432335,0.02051912,0.016583614,0.008573896
Test_1136,0.00015301305,4.670472e-05,3.4088112e-07,0.99979985
Test_1137,0.39408934,0.5978942,0.0024979739,0.0055184746
Test_1138,0.0017790755,0.07248913,0.02011112,0.90562075
Test_1139,0.00016424364,0.66147065,0.33386403,0.004501051
Test_1140,0.00030888204,0.26238155,0.7367534,0.00055616186
Test_1141,0.0012203315,0.0031146954,9.362523e-06,0.99565566
Test_1142,0.00013129076,0.023231829,0.96354306,0.013093784
Test_1143,0.00053629786,0.1611798,0.81953436,0.018749535
Test_1144,2.4612043e-05,0.015416894,0.98446214,9.634829e-05
Test_1145,0.057367224,0.46421766,0.36854598,0.1098691
Test_1146,1.3195556e-06,0.002616437,0.9973695,1.2753927e-05
Test_1147,6.808161e-05,8.7496504e-05,4.862038e-07,0.99984396
Test_1148,0.0001146291,0.0064513353,0.9933558,7.8241486e-05
Test_1149,0.0035145774,0.20510861,0.7911194,0.00025733816
Test_1150,0.00018639922,0.0035523658,0.99571294,0.00054828246
Test_1151,0.9533402,0.012734825,0.030055523,0.0038695037
Test_1152,0.99858105,0.00018381451,0.0007380949,0.0004970697
Test_1153,0.044011395,0.02023227,0.0042010117,0.93155533
Test_1154,3.7867363e-09,3.4907466e-06,0.99999654,4.091001e-10
Test_1155,0.00011069926,0.00047770506,0.99940574,5.902381e-06
Test_1156,0.0039070356,0.53757113,0.07270944,0.38581243
Test_1157,0.00010936144,0.0011502432,0.00010665148,0.9986337
Test_1158,0.0016239622,0.7609199,0.0033942456,0.23406188
Test_1159,0.00046495808,0.00014442546,0.9993733,1.7235578e-05
Test_1160,0.98472947,0.0033384655,0.009073686,0.0028584138
Test_1161,6.569979e-05,0.04086124,0.95818263,0.0008905035
Test_1162,1.4745412e-05,0.6640162,0.14053181,0.1954373
Test_1163,0.99973196,9.8901895e-05,9.42303e-05,7.48038e-05
Test_1164,0.37253514,0.23859482,0.37206537,0.016804652
Test_1165,6.445442e-09,4.6372897e-06,0.99999535,3.52299e-09
Test_1166,0.023518229,0.0666269,0.00014379059,0.9097111
Test_1167,1.3839535e-05,0.036045633,0.96247363,0.0014668909
Test_1168,4.4934663e-06,0.00025907002,0.9997322,4.2287397e-06
Test_1169,0.0013788732,0.0051892833,2.5471596e-05,0.9934063
Test_1170,0.029127683,5.269127e-05,4.5241372e-06,0.9708151
Test_1171,0.0018348772,0.0011581474,3.1033735e-05,0.9969759
Test_1172,0.9998913,1.2644107e-07,5.5200595e-05,5.337607e-05
Test_1173,0.003558716,0.71712685,0.26196292,0.017351475
Test_1174,3.1198084e-07,1.8583856e-05,4.0785545e-07,0.9999807
Test_1175,9.547622e-06,0.0067398036,0.99324316,7.447674e-06
Test_1176,0.00045999893,0.0055601946,0.00019093075,0.9937888
Test_1177,0.628123,0.0028038535,0.36755687,0.0015163069
Test_1178,0.9961003,0.0008476446,0.002587101,0.00046494754
Test_1179,7.2598136e-09,1.7300828e-05,0.9999827,9.938768e-09
Test_1180,0.3429316,0.0562643,0.024485793,0.57631826
Test_1181,6.827214e-07,0.003538258,0.99645376,7.329203e-06
Test_1182,0.39586824,0.0014242486,0.0030237732,0.5996837
Test_1183,0.06882405,0.010508461,0.89358425,0.02708326
Test_1184,2.710955e-07,4.835421e-06,0.9999949,3.323889e-09
Test_1185,6.8087322e-09,0.0069361185,0.99306387,2.1207573e-08
Test_1186,3.1552472e-07,0.0060468316,0.9939527,1.1259762e-07
Test_1187,0.000679967,0.0012272185,1.6603773e-05,0.9980762
Test_1188,0.23109989,0.07799027,0.68765354,0.0032562162
Test_1189,0.09988201,0.23835535,0.3181085,0.34365416
Test_1190,8.162409e-08,0.44554028,0.5544555,4.1842254e-06
Test_1191,9.133568e-05,0.00030105023,0.00015571254,0.9994518
Test_1192,3.0974852e-06,0.009586758,0.9903955,1.466078e-05
Test_1193,0.05452872,0.11639931,0.78650486,0.042566992
Test_1194,0.9921944,0.005165849,0.0022989945,0.00034077762
Test_1195,0.99892205,0.00046231173,0.00040784903,0.00020771683
Test_1196,1.14812124e-07,7.608355e-05,2.7580938e-06,0.9999211
Test_1197,0.00848675,0.001770989,0.00011191671,0.9896303
Test_1198,2.3491382e-06,0.0012786296,0.99871147,7.480041e-06
Test_1199,2.1411076e-06,0.0017882946,0.9982072,2.3680107e-06
Test_1200,1.2821577e-05,0.28765574,0.7104534,0.0018780766
Test_1201,0.6530544,0.00966645,0.02773121,0.30954787
Test_1202,0.021879498,0.0014702374,0.0015727576,0.97507757
Test_1203,0.9106381,0.018970365,0.014734556,0.055656962
Test_1204,0.001755874,0.42752048,0.538655,0.032068543
Test_1205,2.6352885e-05,0.0024732093,0.99745613,4.4295077e-05
Test_1206,0.8201195,0.0074609155,0.13279976,0.039619807
Test_1207,0.015900778,0.008304465,0.003619725,0.97217494
Test_1208,0.00018286378,0.022583332,0.0009589626,0.9762748
Test_1209,0.0016282911,0.15899128,0.837717,0.0016634526
Test_1210,1.4931484e-05,8.9603345e-05,3.2299265e-06,0.99989223
Test_1211,0.00074401783,0.6275511,0.16589136,0.20581359
Test_1212,0.23339337,0.09270185,0.40840676,0.265498
Test_1213,0.090103365,0.056328274,0.007844447,0.84572387
Test_1214,8.080689e-08,0.002635244,0.00027117538,0.99709356
Test_1215,1.1188104e-06,0.00076729787,6.924221e-06,0.99922454
Test_1216,0.0004390642,0.010017405,0.98920923,0.00033438098
Test_1217,0.00035707152,0.2135335,0.57181376,0.21429567
Test_1218,0.00061201246,7.9145546e-05,2.5267698e-05,0.99928355
Test_1219,9.858911e-06,0.0019143757,0.9980755,2.485835e-07
Test_1220,0.16639026,0.019142734,0.0059713814,0.80849564
Test_1221,0.9893117,0.0040815836,0.00588388,0.00072283804
Test_1222,1.0824229e-08,6.1820083e-06,0.9999938,5.0277983e-11
Test_1223,0.9325998,0.0011339032,0.058605667,0.007660704
Test_1224,0.00013237905,0.09078735,0.90602684,0.0030533734
Test_1225,0.001965529,0.094417326,0.90147877,0.0021383958
Test_1226,0.00048664561,0.06941741,0.92595255,0.0041433065
Test_1227,2.9250583e-05,0.016557021,0.98280543,0.0006082796
Test_1228,8.849153e-06,0.00014242542,0.9998486,1.08719455e-07
Test_1229,0.9566702,0.005590829,0.03123115,0.006507724
Test_1230,2.000373e-05,0.005393621,0.99457186,1.4477966e-05
Test_1231,0.9974934,0.0001852617,0.0018419597,0.00047944582
Test_1232,0.96536493,0.015884575,0.008719881,0.010030589
Test_1233,0.00019405806,0.07582118,0.92371666,0.00026811368
Test_1234,3.7354584e-05,0.000402492,0.9995577,2.47328e-06
Test_1235,0.3883702,0.35162178,0.2595231,0.00048493102
Test_1236,6.9674447e-06,0.00023840457,5.9954535e-05,0.99969465
Test_1237,1.328673e-05,0.28463578,0.7149055,0.00044541067
Test_1238,6.7015303e-06,0.0011652552,0.99882764,4.153504e-07
Test_1239,0.06909767,0.30967468,0.0067702886,0.61445737
Test_1240,2.4266905e-07,0.016039984,0.98395973,8.753992e-08
Test_1241,0.9908028,0.0003579974,0.000354158,0.0084851
Test_1242,0.007339944,0.0011208886,4.2603933e-06,0.9915349
Test_1243,1.6861202e-07,2.1417374e-05,0.9999784,2.6892996e-10
Test_1244,0.0030858556,0.00010231367,5.043163e-06,0.9968068
Test_1245,8.228581e-05,0.00023178819,2.8271008e-06,0.9996831
Test_1246,1.3687395e-05,0.00014722341,7.723079e-07,0.99983835
Test_1247,1.7028282e-05,0.011230536,0.9861481,0.0026042478
Test_1248,5.753217e-08,0.0006675087,0.99933237,1.0338432e-07
Test_1249,3.8136363e-08,0.0038181476,0.99618155,2.3293457e-07
Test_1250,0.13348834,0.05895023,0.0018678181,0.8056936
Test_1251,0.00043301933,0.0028374523,0.00022149645,0.99650794
Test_1252,2.8831148e-06,0.00030270536,0.9996931,1.2610949e-06
Test_1253,0.033934202,0.038789146,0.0037246414,0.923552
Test_1254,0.99686676,0.00037359496,0.0009947375,0.0017649009
Test_1255,0.46096474,0.3081829,0.16361277,0.0672396
Test_1256,1.7375293e-09,0.0008488771,0.9991511,2.0320297e-08
Test_1257,7.820596e-05,0.00029073088,6.144032e-05,0.9995696
Test_1258,0.021987306,0.0101671,0.28974932,0.6780963
Test_1259,0.99979854,2.1881102e-05,0.000107182444,7.23984e-05
Test_1260,0.042791806,0.21808107,0.0065517444,0.7325755
Test_1261,2.637103e-06,0.16243964,0.8373751,0.00018259384
Test_1262,0.97139806,0.0043622,0.0065905177,0.017649194
Test_1263,9.086472e-07,0.0036163041,0.99637526,7.4851882e-06
Test_1264,0.9405025,0.0014630732,1.1518536e-05,0.05802287
Test_1265,0.93380153,0.00285456,0.000314617,0.063029304
Test_1266,0.02023184,0.00225016,0.9774624,5.55607e-05
Test_1267,0.94831944,5.8022636e-07,0.04320669,0.00847329
Test_1268,0.2586823,0.014161582,0.7240976,0.0030584554
Test_1269,2.5233307e-06,0.0011568785,0.9988323,8.3759205e-06
Test_1270,1.1226668e-06,0.2420107,0.7577295,0.00025871908
Test_1271,0.0014322761,0.0029080408,0.00023257347,0.99542713
Test_1272,0.040927216,0.0034160828,0.9183629,0.0372937
Test_1273,0.99662066,0.00012313217,0.002822007,0.00043422688
Test_1274,0.21874353,0.12745854,0.024889618,0.6289083
Test_1275,4.1756583e-05,0.020299323,0.9796403,1.8610055e-05
Test_1276,5.0014547e-05,0.00024968048,1.0021494e-06,0.9996993
Test_1277,2.3651123e-07,0.00017624743,0.99982333,1.9162765e-07
Test_1278,0.9144764,0.002046623,0.0015758476,0.08190116
Test_1279,0.16769996,0.13181697,0.004251465,0.6962316
Test_1280,5.2766416e-05,0.004012794,0.9958454,8.909995e-05
Test_1281,0.00031692736,0.08431312,0.83701116,0.078358814
Test_1282,0.66567624,0.03887329,0.004205123,0.29124534
Test_1283,4.5334564e-05,0.0034209427,0.9962051,0.00032857512
Test_1284,0.28466153,0.100461304,0.047185153,0.567692
Test_1285,0.20436952,0.25842923,0.5208389,0.016362311
Test_1286,0.8626107,0.023778051,0.0008861152,0.11272512
Test_1287,0.8582972,0.050492723,0.0073291347,0.08388092
Test_1288,0.91858286,0.0010997631,0.08014964,0.00016778956
Test_1289,0.012299918,0.0029866647,3.7434556e-06,0.9847097
Test_1290,0.00035658674,0.04212542,0.0014373378,0.9560807
Test_1291,0.011158273,0.28797388,0.25510663,0.4457612
Test_1292,1.0155591e-06,3.4776862e-05,0.9999641,2.6013437e-08
Test_1293,9.31417e-06,0.02870583,0.001933894,0.96935093
Test_1294,0.9459448,0.00049282284,3.0533224e-06,0.053559303
Test_1295,1.8150876e-08,1.1460293e-05,0.99998844,8.830745e-08
Test_1296,0.95224416,0.017897913,0.016473023,0.013384951
Test_1297,0.0028268408,0.08130916,0.0064759385,0.909388
Test_1298,1.3915717e-07,0.00021159597,0.99978805,2.2299582e-07
Test_1299,4.844573e-09,4.130961e-08,1.0,5.409291e-11
Test_1300,8.7167516e-11,4.513471e-07,0.9999995,2.0311073e-12
Test_1301,2.5027646e-08,0.0001343026,0.9998642,1.4528014e-06
Test_1302,2.3027294e-05,2.6942218e-06,2.663797e-07,0.999974
Test_1303,2.2101236e-05,7.792626e-06,0.9999697,4.1544558e-07
Test_1304,1.3735495e-05,0.03892934,0.9608095,0.00024737843
Test_1305,0.65378237,0.016151598,0.32996708,9.904012e-05
Test_1306,0.0066594807,0.0120108845,0.00064445025,0.9806851
Test_1307,2.9633056e-06,0.043977953,0.95571566,0.00030338965
Test_1308,0.0021821926,0.045099717,0.0017219716,0.95099616
Test_1309,0.74565953,0.029636646,0.21585195,0.008851869
Test_1310,0.018543357,0.00047206634,0.00062417885,0.98036045
Test_1311,0.99815255,0.00053804327,0.0011564877,0.00015291748
Test_1312,0.003140341,0.28327876,0.69753087,0.016050035
Test_1313,0.0004092639,0.1941932,0.8015418,0.0038557327
Test_1314,0.009642351,0.0023072371,0.98803616,1.4228444e-05
Test_1315,0.95275474,0.009749046,0.026722036,0.0107742315
Test_1316,0.9997804,5.2405903e-05,5.027628e-05,0.00011687602
Test_1317,0.0006054164,0.010351215,0.0005321475,0.9885113
Test_1318,0.000110529036,0.0019550417,0.9979165,1.7911732e-05
Test_1319,2.9978278e-06,0.0012949023,0.99864584,5.625553e-05
Test_1320,0.82199275,0.0035208918,0.00013644522,0.17434996
Test_1321,0.0005407482,0.2287601,0.7697546,0.0009446406
Test_1322,0.99858624,2.0221678e-05,0.0012622571,0.00013120122
Test_1323,1.088917e-09,4.3484888e-05,0.9999565,5.8862177e-08
Test_1324,0.64540493,0.2556352,0.00087466085,0.09808521
Test_1325,1.0944318e-05,0.0077923103,0.0012315712,0.9909651
Test_1326,0.022108937,0.16898356,0.23458834,0.5743192
Test_1327,4.4196033e-05,0.009956131,0.98810357,0.001896095
Test_1328,0.2511525,0.042227235,0.06775046,0.63886976
Test_1329,2.2165352e-07,8.5903184e-07,0.9999989,1.8552034e-09
Test_1330,0.98356205,3.140767e-05,0.015201612,0.0012048641
Test_1331,5.177467e-07,0.019108534,0.9808883,2.6561609e-06
Test_1332,0.00044676912,0.0069633042,0.00021073922,0.9923792
Test_1333,0.37959564,0.35768986,0.05778076,0.20493378
Test_1334,0.0003600303,9.416862e-05,6.964983e-06,0.99953884
Test_1335,6.4307187e-07,0.0060077365,0.99398166,9.971227e-06
Test_1336,2.056722e-05,0.0038640704,0.99611366,1.7000561e-06
Test_1337,0.0038707515,0.33192557,0.56661034,0.09759331
Test_1338,0.0012188732,0.00042133898,0.9982838,7.60028e-05
Test_1339,0.08503953,0.52153003,0.35273325,0.040697213
Test_1340,0.13372757,0.00029800198,0.0077076773,0.8582667
Test_1341,0.11696449,0.011492629,0.85378486,0.01775795
Test_1342,4.0347386e-05,0.7544761,0.23404856,0.01143502
Test_1343,6.4348737e-06,9.718722e-06,1.7686429e-07,0.99998367
Test_1344,4.2952277e-05,0.0017068479,0.99823153,1.8593078e-05
Test_1345,3.4311404e-05,0.26874554,0.73019665,0.0010234929
Test_1346,0.3005985,0.1268614,0.045027424,0.52751267
Test_1347,0.007350527,0.0019518659,6.012204e-06,0.99069166
Test_1348,0.23870952,0.049542725,0.7054548,0.0062929974
Test_1349,4.5625526e-05,0.059597027,0.9397263,0.0006309983
Test_1350,0.9829071,0.0047536856,0.011919764,0.00041943544
Test_1351,0.009525904,0.14316805,0.8409949,0.006311195
Test_1352,2.1100975e-06,0.0018445269,0.9981523,1.0464685e-06
Test_1353,0.8867565,0.054425355,0.045520514,0.013297669
Test_1354,0.91751945,0.005809274,0.031274434,0.04539677
Test_1355,0.88464123,0.011863649,0.10004844,0.0034466842
Test_1356,2.7596958e-09,2.627889e-07,4.6233994e-10,0.99999976
Test_1357,8.4580523e-07,0.001793848,0.99820125,4.012126e-06
Test_1358,0.00027211139,0.00037509247,2.4742743e-05,0.99932796
Test_1359,0.99217844,0.0046326714,0.0025308968,0.0006579589
Test_1360,0.00023029892,3.5541365e-05,0.99972683,7.408236e-06
Test_1361,2.6030997e-09,2.417132e-05,0.9999758,2.1497388e-09
Test_1362,0.0006893983,0.00050723413,0.9987876,1.5768186e-05
Test_1363,6.85609e-07,0.10752659,0.8923824,9.0392154e-05
Test_1364,7.471606e-08,0.00028592185,0.99971384,6.883179e-08
Test_1365,0.981797,0.006819702,0.0033266891,0.0080566015
Test_1366,0.029243043,0.060514875,0.015456223,0.8947859
Test_1367,1.3331014e-08,0.00019236171,0.9998076,1.900624e-10
Test_1368,1.01860205e-05,0.06828691,0.9298217,0.0018811172
Test_1369,0.97316587,0.0025906565,0.005824285,0.018419182
Test_1370,0.3143441,0.17989458,0.4924641,0.013297124
Test_1371,0.0018587445,0.0038989338,0.00058356166,0.99365884
Test_1372,0.9800637,0.0010025217,0.018492121,0.00044164126
Test_1373,0.16025823,0.015366984,0.8074951,0.016879616
Test_1374,4.5068034e-09,4.5386874e-05,0.9999546,5.568451e-09
Test_1375,0.026910098,0.40470842,0.32000664,0.24837482
Test_1376,0.99086905,0.004381291,0.002191662,0.0025580327
Test_1377,2.38612e-08,1.7443922e-07,0.9999999,3.038287e-11
Test_1378,0.14226806,0.839073,0.015549425,0.0031095336
Test_1379,4.149336e-06,0.85271424,0.12412177,0.02315982
Test_1380,0.7947523,0.07867928,0.122895226,0.003673224
Test_1381,0.83034366,0.0744139,0.0035978935,0.0916446
Test_1382,0.0007198494,0.0008816828,0.99663335,0.0017650943
Test_1383,7.6359396e-07,1.28208785e-05,1.388621e-06,0.999985
Test_1384,2.5719453e-07,9.1532405e-05,5.3228277e-06,0.99990284
Test_1385,1.1829297e-05,0.0023520398,0.00013043715,0.9975057
Test_1386,6.150909e-05,0.016341034,0.98348266,0.00011484334
Test_1387,0.00019522943,0.09243307,0.0035324239,0.90383923
Test_1388,2.5265275e-05,0.00077007024,0.99916583,3.8753667e-05
Test_1389,0.0071613435,0.1631662,0.017561844,0.81211054
Test_1390,0.03727961,0.09574927,0.8659084,0.0010627888
Test_1391,9.580665e-07,0.00018738903,0.9998009,1.0745888e-05
Test_1392,2.2140496e-06,0.043990232,0.9559899,1.7647457e-05
Test_1393,1.879104e-05,0.00032902727,0.9992908,0.0003612565
Test_1394,0.09624797,0.14183798,0.07422375,0.6876903
Test_1395,1.0687531e-09,6.921635e-05,0.99993074,2.9876188e-10
Test_1396,6.5568433e-06,0.0041373908,0.994669,0.0011870624
Test_1397,4.7476153e-08,0.0002814458,0.9997185,3.0239615e-08
Test_1398,3.2968234e-08,4.090514e-05,0.9999589,2.0724417e-07
Test_1399,2.5958564e-09,3.1031102e-06,0.9999969,1.1125891e-08
Test_1400,0.00041564277,4.3952445e-05,1.503232e-07,0.99954015
Test_1401,0.00033618053,0.0064626145,0.0001052035,0.99309605
Test_1402,0.99974805,7.398343e-05,0.00012332648,5.4571006e-05
Test_1403,7.1912687e-06,0.002478442,0.9974558,5.865809e-05
Test_1404,5.327876e-05,0.011035653,0.9888952,1.5922908e-05
Test_1405,3.3064105e-05,0.03651991,0.9633355,0.000111533685
Test_1406,2.1888109e-05,0.01301004,0.9867029,0.0002651657
Test_1407,0.0004844256,0.013220612,0.001728872,0.98456603
Test_1408,0.98064995,0.0011261529,0.004033859,0.014190113
Test_1409,0.0025239957,0.14419883,0.8345578,0.018719472
Test_1410,1.6483837e-05,6.5895206e-06,0.99997604,8.9564537e-07
Test_1411,0.0019840726,0.119411655,0.17216794,0.70643634
Test_1412,0.0035213633,0.0032060356,9.888846e-05,0.99317366
Test_1413,5.89604e-05,0.02679561,8.1464976e-05,0.97306395
Test_1414,7.616934e-08,7.2705254e-05,0.99992716,6.182896e-11
Test_1415,0.72221315,0.07804514,0.19675511,0.002986722
Test_1416,0.6164959,0.0057135588,0.004215179,0.37357533
Test_1417,0.0011897623,0.0021101837,0.0009901149,0.9957099
Test_1418,0.024337187,0.24856418,0.061410017,0.6656886
Test_1419,0.00014817617,0.022936303,0.92985046,0.04706497
Test_1420,0.06631508,0.2839934,0.46993023,0.17976129
Test_1421,4.004931e-07,0.00015138545,2.2263882e-07,0.999848
Test_1422,5.8298614e-05,0.021021176,0.9788055,0.00011500723
Test_1423,2.1460482e-07,5.3542694e-06,0.99999416,1.9937187e-07
Test_1424,0.9979699,0.00035110654,0.0012284338,0.00045043844
Test_1425,0.0018519118,0.38042563,0.610026,0.0076964702
Test_1426,2.7312235e-09,8.456326e-07,0.99999917,2.5857418e-09
Test_1427,0.00052924006,0.07681548,0.03540913,0.8872462
Test_1428,0.5651045,0.2963192,0.07011716,0.06845914
Test_1429,0.86910963,0.042723462,0.08294037,0.005226559
Test_1430,0.93331915,0.0064899186,0.011124081,0.049066916
Test_1431,0.9498923,0.0019514395,0.047619462,0.00053678406
Test_1432,0.0024106787,0.037072,0.95812756,0.002389821
Test_1433,1.299111e-06,0.006290796,0.9937073,5.41007e-07
Test_1434,2.427822e-05,0.0007698738,0.9991572,4.8639053e-05
Test_1435,7.8892255e-05,0.0021075788,6.6088476e-05,0.99774736
Test_1436,2.4860587e-06,0.018956326,0.9809538,8.741048e-05
Test_1437,0.0490035,0.03024927,0.8843714,0.036375865
Test_1438,0.0042777406,0.019806258,0.9311666,0.04474944
Test_1439,0.9768274,0.0027400907,5.95336e-05,0.020373028
Test_1440,6.032098e-05,0.83529645,0.16146308,0.0031802328
Test_1441,0.00013202714,0.0009422255,0.9988397,8.601786e-05
Test_1442,0.68253905,0.16626064,0.051144388,0.10005587
Test_1443,0.9544099,0.016691053,0.02829895,0.000600221
Test_1444,7.356321e-09,0.0007383888,0.9992612,3.8933217e-07
Test_1445,0.00018893421,6.7659654e-05,1.5700255e-06,0.99974185
Test_1446,0.9608672,0.0011947361,0.005998277,0.031939883
Test_1447,0.00022715029,0.0060240496,0.00016481262,0.993584
Test_1448,0.90582323,0.0014532547,0.09244257,0.00028096238
Test_1449,2.2618378e-05,0.0001745833,0.9998007,2.06121e-06
Test_1450,0.988839,0.0009349763,0.0029114732,0.007314499
Test_1451,0.027814029,0.0917619,0.0052778595,0.8751462
Test_1452,0.0122347865,0.0033089553,4.4483906e-05,0.9844118
Test_1453,8.483021e-08,1.735766e-05,0.9999825,9.384324e-10
Test_1454,0.9606235,0.010436363,0.018331734,0.010608448
Test_1455,0.1266994,0.2450066,0.55360043,0.07469359
Test_1456,0.00012558482,0.0042310227,0.99543244,0.00021090292
Test_1457,0.001011941,0.0040922216,0.99344784,0.0014480201
Test_1458,0.001044927,0.004702264,0.000105004525,0.9941478
Test_1459,0.0004347576,0.056669656,0.878897,0.0639985
Test_1460,2.0090394e-07,1.5589599e-08,0.99999976,1.1938424e-08
Test_1461,3.41118e-07,0.0006160924,0.99937797,5.5971686e-06
Test_1462,1.6216595e-06,0.00044698027,0.99955124,8.077988e-08
Test_1463,3.7122907e-06,0.0010931564,0.99890196,1.2027185e-06
Test_1464,9.196686e-09,0.00026863013,0.9997259,5.4785705e-06
Test_1465,2.2425864e-05,0.0005527015,0.99940884,1.6029762e-05
Test_1466,0.9064903,0.0015985756,0.076713994,0.015197115
Test_1467,0.5292307,0.011618861,0.4031026,0.05604787
Test_1468,0.0004990374,0.1315078,0.021487987,0.84650517
Test_1469,0.9996913,4.657263e-05,0.00024087515,2.123739e-05
Test_1470,0.00014699272,0.0007209069,4.8108497e-05,0.999084
Test_1471,2.8457508e-08,5.829468e-07,0.9999994,4.3547153e-08
Test_1472,1.1867859e-07,2.3803736e-05,0.99997425,1.8530422e-06
Test_1473,0.7179239,0.03909187,0.015258558,0.2277257
Test_1474,0.00030537287,0.0075112153,0.99216676,1.6611457e-05
Test_1475,8.094095e-10,0.01610889,0.98389107,2.3525715e-09
Test_1476,0.0001768359,0.0013527637,4.936098e-05,0.9984211
Test_1477,0.00016885909,0.013554351,9.345939e-05,0.98618335
Test_1478,2.7857553e-11,3.0001182e-08,1.0,1.3218273e-14
Test_1479,0.006750789,0.027213605,0.2199848,0.74605083
Test_1480,1.3253566e-05,0.0038019046,0.9961708,1.3933463e-05
Test_1481,0.7281045,6.1259765e-05,0.27102467,0.00080961623
Test_1482,1.7073915e-05,0.016303571,0.028154066,0.9555253
Test_1483,0.21435861,0.019678906,0.00011132382,0.76585114
Test_1484,0.9300679,0.032576684,0.0016107261,0.0357446
Test_1485,0.9881463,0.0038112474,0.003040454,0.005002066
Test_1486,9.956722e-10,0.00024323448,0.99975675,1.185638e-08
Test_1487,1.2118543e-05,0.00023213988,0.99975425,1.4372574e-06
Test_1488,3.197137e-06,0.08758673,0.911397,0.0010130979
Test_1489,4.5002287e-07,0.0004183734,0.999579,2.1560284e-06
Test_1490,0.2392405,0.185721,0.094334304,0.48070425
Test_1491,3.1388336e-06,0.17302626,0.8261603,0.0008103083
Test_1492,6.6189756e-08,0.0003309783,0.9996688,8.685143e-08
Test_1493,0.88377905,0.01260163,0.0009392771,0.10268009
Test_1494,0.9950911,0.002615309,0.00010826351,0.002185334
Test_1495,0.6150165,0.03150445,0.32713065,0.026348365
Test_1496,0.0002687405,0.0007260954,2.3850802e-05,0.9989813
Test_1497,2.0813889e-07,0.0003230019,0.99967676,2.9524692e-09
Test_1498,0.0016207431,0.013405945,0.0018143052,0.98315895
Test_1499,6.4249114e-05,0.0015723548,0.99803036,0.0003329799
Test_1500,0.9868031,0.0058503426,0.0030325518,0.00431404
Test_1501,0.00015338257,0.8252864,0.16245747,0.012102729
Test_1502,0.23135817,0.23303512,0.38038296,0.15522374
Test_1503,0.97555226,0.00018374773,0.023996616,0.00026738376
Test_1504,0.00047591754,0.102567285,0.87976986,0.017186971
Test_1505,2.9186801e-06,0.017355118,0.98260355,3.844207e-05
Test_1506,0.22880922,0.48769882,0.044080667,0.23941131
Test_1507,0.9814275,0.002137976,0.00060723076,0.015827402
Test_1508,0.04233342,0.018849066,0.938756,6.1603525e-05
Test_1509,4.085603e-05,1.5896925e-05,2.2883232e-07,0.999943
Test_1510,1.764277e-05,0.017145757,0.9828118,2.4833878e-05
Test_1511,0.00080075813,0.0020650446,1.1748854e-05,0.99712247
Test_1512,3.5126376e-07,0.0005272833,0.999472,2.8402806e-07
Test_1513,5.5281644e-06,4.7569785e-05,0.9999466,4.0306162e-07
Test_1514,1.0977991e-05,0.0010970368,0.9986357,0.00025633452
Test_1515,1.9082678e-12,4.3746564e-08,1.0,6.7883177e-15
Test_1516,0.00028866614,0.0010220642,0.0013682068,0.99732107
Test_1517,6.5762265e-07,0.00068566226,0.9993135,1.2347517e-07
Test_1518,0.0002648375,0.044025574,3.0434958e-05,0.9556791
Test_1519,0.0015252607,0.041746475,0.005376575,0.95135176
Test_1520,0.00011421314,0.0012722414,0.00032394464,0.9982895
Test_1521,0.13529772,0.00044250014,0.0038302664,0.8604295
Test_1522,2.2034932e-05,0.016309578,0.98337954,0.00028888744
Test_1523,0.049069103,0.008162852,0.00074057555,0.9420275
Test_1524,0.98824966,0.005841573,0.005340962,0.00056785264
Test_1525,0.9999709,1.494992e-06,3.4022082e-06,2.414146e-05
Test_1526,2.1880836e-05,0.025434963,0.015204892,0.95933837
Test_1527,0.00013399881,0.006880119,0.9927717,0.00021426428
Test_1528,0.012191004,0.047887523,0.0012254819,0.938696
Test_1529,1.7463522e-05,0.0026487985,0.997288,4.5757464e-05
Test_1530,0.9957407,0.0018098177,0.0013079249,0.001141404
Test_1531,6.1307865e-08,0.35428047,0.64571834,1.18628e-06
Test_1532,0.98322266,0.001890385,8.5039224e-05,0.0148018
Test_1533,1.9188994e-05,0.021268675,0.9774071,0.0013050624
Test_1534,0.040577564,0.0002367078,2.8381446e-05,0.95915735
Test_1535,8.2036655e-07,0.0031088204,0.99688536,4.931578e-06
Test_1536,0.0009791123,0.602246,0.36628267,0.030492201
Test_1537,0.0025807638,0.000627305,1.9349754e-06,0.99679
Test_1538,0.00013130605,3.2260693e-06,0.9998646,8.480343e-07
Test_1539,1.5080925e-06,0.0007027138,0.9992955,2.99241e-07
Test_1540,0.0037384306,0.00049074914,0.0029953727,0.99277544
Test_1541,0.00019675583,0.3858048,0.38074297,0.23325548
Test_1542,0.10303747,0.15567216,0.28056738,0.46072307
Test_1543,2.0957012e-05,0.00017876088,0.9997995,7.2467054e-07
Test_1544,0.50557214,0.009954472,0.17404872,0.3104247
Test_1545,1.0782185e-05,2.1835438e-05,6.6090666e-07,0.99996674
Test_1546,0.8990582,0.011534226,0.08252516,0.006882335
Test_1547,0.9952483,0.0016758983,0.0004251812,0.00265055
Test_1548,0.05779472,0.73499507,0.00848864,0.19872156
Test_1549,0.00010496293,0.023730077,0.93124425,0.04492068
Test_1550,7.4730665e-06,0.000825487,1.7464747e-05,0.99914956
Test_1551,0.00011326159,9.854528e-05,8.231384e-06,0.99977994
Test_1552,0.004875435,0.08781004,0.018114446,0.88920003
Test_1553,0.96388006,0.007938814,0.016827079,0.011354077
Test_1554,9.904731e-06,0.046975013,0.9451166,0.007898514
Test_1555,0.012002904,0.03573539,0.00094155,0.9513202
Test_1556,2.1459531e-05,0.04994,0.9466079,0.0034307118
Test_1557,0.028709989,0.0012847498,0.00046050426,0.96954477
Test_1558,3.2445615e-09,0.0021829552,0.99781656,4.2849092e-07
Test_1559,8.0514104e-07,1.5272068e-05,0.9999839,1.1953728e-08
Test_1560,0.9840827,0.0028536625,0.012579308,0.00048430252
Test_1561,0.00041503579,0.029925436,0.005597184,0.96406233
Test_1562,0.00024068313,0.001958482,0.99771583,8.491707e-05
Test_1563,2.3131295e-07,0.0073368307,0.99259186,7.110123e-05
Test_1564,8.0026526e-05,0.00043127392,0.99941915,6.946456e-05
Test_1565,4.0902783e-06,0.0020837712,0.9978593,5.28321e-05
Test_1566,0.0026314736,0.0012318123,1.5836025e-05,0.99612087
Test_1567,3.4236977e-10,8.28275e-09,1.0,2.2139673e-12
Test_1568,2.5278794e-07,0.00069591857,0.9993031,7.5501003e-07
Test_1569,0.00044670486,0.004717226,0.99480134,3.4707755e-05
Test_1570,0.96268094,0.0010270965,0.011571996,0.02472
Test_1571,6.658393e-07,0.0005257514,0.9994661,7.3756078e-06
Test_1572,3.908715e-05,0.014038408,0.9858499,7.2535855e-05
Test_1573,0.004528991,0.010162562,0.9832399,0.0020685657
Test_1574,0.0064267796,0.13924982,0.850579,0.0037443843
Test_1575,2.8031943e-06,0.038106807,0.9616053,0.00028512432
Test_1576,0.9981974,0.00035346684,0.0006396128,0.000809551
Test_1577,8.739241e-08,0.0045705666,0.99541736,1.1907137e-05
Test_1578,2.1657627e-06,0.0032532066,0.9967399,4.7365093e-06
Test_1579,0.9933822,0.0039864182,0.0017994663,0.00083186326
Test_1580,0.99962497,0.0001005065,0.0001255391,0.00014902749
Test_1581,0.0005886333,0.013283305,0.00025446666,0.9858736
Test_1582,8.5305374e-10,4.0684135e-06,0.99999595,4.9333846e-11
Test_1583,1.5926951e-06,6.6553193e-06,0.9999918,3.5842012e-09
Test_1584,0.02026309,0.012333109,0.028842391,0.9385614
Test_1585,4.2748802e-08,4.4419245e-05,0.99995553,1.7920767e-08
Test_1586,7.1680834e-06,0.0001510876,0.99984133,4.530402e-07
Test_1587,0.069608904,0.012643863,0.9174431,0.00030418835
Test_1588,0.98931915,0.0017585823,9.023105e-05,0.008832033
Test_1589,1.6413074e-05,0.031796526,0.967771,0.00041609854
Test_1590,4.394101e-05,0.2351961,0.763907,0.00085291
Test_1591,0.27645025,0.44855177,0.03275837,0.24223968
Test_1592,0.91021997,0.010819205,0.00082635315,0.07813443
Test_1593,0.000107825246,0.0008750228,8.894587e-05,0.99892825
Test_1594,0.04263059,0.113593504,0.117628016,0.72614795
Test_1595,0.0009025352,0.00034469482,0.9987507,2.072295e-06
Test_1596,0.9809323,0.0022440178,0.0013757994,0.015448001
Test_1597,1.8682238e-07,0.0039751665,0.9960209,3.6244123e-06
Test_1598,7.614693e-05,0.013434255,8.59016e-05,0.9864037
Test_1599,0.0013173597,0.00554489,0.993097,4.071753e-05
Test_1600,0.9602785,0.0038009696,0.013201261,0.02271924
Test_1601,0.00052390224,0.007925292,0.0010750811,0.99047583
Test_1602,0.974684,0.006424898,0.009810679,0.00908038
Test_1603,0.00046410307,0.0008402346,0.99868447,1.1200975e-05
Test_1604,0.00026006097,0.08260777,0.9039412,0.013190974
Test_1605,0.16665901,0.078065984,0.03221505,0.72306
Test_1606,7.098447e-06,0.04256249,0.95730585,0.0001245413
Test_1607,0.96672463,0.0006368394,0.0028160426,0.029822499
Test_1608,3.053805e-05,0.000432988,0.99953145,4.9671607e-06
Test_1609,0.0006381459,0.018304603,0.9784041,0.002653138
Test_1610,0.99483687,0.0012877958,0.0008032111,0.003072054
Test_1611,0.21664934,0.6106297,0.07633948,0.09638148
Test_1612,0.00010639477,0.027637634,0.9710998,0.0011561705
Test_1613,0.0005500295,0.14544313,0.277503,0.5765038
Test_1614,1.4986108e-07,0.105687164,0.8941344,0.00017831894
Test_1615,3.3342695e-07,2.571791e-05,3.2634364e-07,0.99997354
Test_1616,3.7695564e-08,5.788976e-06,0.99999416,5.050178e-10
Test_1617,8.574671e-06,4.0747263e-06,0.99998045,6.928038e-06
Test_1618,0.74443626,0.062649064,0.0005745786,0.19234005
Test_1619,0.3206942,0.27423424,0.024334956,0.38073656
Test_1620,0.0008264399,0.017649483,0.9805418,0.000982225
Test_1621,0.0008347053,0.029522598,0.0007962064,0.96884644
Test_1622,0.48899856,0.06558832,0.011134922,0.43427828
Test_1623,0.00014653639,0.008026565,0.99174,8.697449e-05
Test_1624,0.93305284,0.03205522,0.0054643042,0.029427648
Test_1625,1.4244507e-06,1.3317032e-06,0.99999714,3.9297014e-08
Test_1626,9.505199e-05,0.015414777,0.9843246,0.00016562713
Test_1627,5.0131994e-06,0.12178696,0.87808245,0.0001255864
Test_1628,6.223373e-06,0.00021793888,0.9997658,1.0028285e-05
Test_1629,0.903727,0.076410025,0.009558654,0.010304319
Test_1630,0.00010633629,0.00098933,1.4004932e-05,0.99889034
Test_1631,0.00096008484,0.042250462,0.95472574,0.002063619
Test_1632,0.69895387,0.008572431,0.28893766,0.0035360472
Test_1633,0.00042006362,0.028220374,0.9696763,0.0016832347
Test_1634,2.6146385e-05,0.00953018,0.98989296,0.00055070675
Test_1635,1.3346616e-09,1.201894e-05,0.99998796,1.5119586e-11
Test_1636,0.00018567502,0.079275906,0.9195017,0.0010366179
Test_1637,0.0033116888,0.02422692,0.9719537,0.00050763553
Test_1638,0.7732358,0.029668547,0.13980068,0.05729504
Test_1639,0.0032724936,0.12804405,0.4589771,0.40970632
Test_1640,0.9801666,0.00043587183,0.013717907,0.005679568
Test_1641,0.00015788384,0.00643464,0.000462869,0.99294466
Test_1642,0.9946085,0.0005290753,0.0010307592,0.0038315998
Test_1643,0.050803736,0.12770024,0.79567367,0.02582238
Test_1644,5.6486977e-07,0.002275633,0.99772364,1.0647753e-07
Test_1645,1.0252978e-06,0.013366485,0.98662806,4.422396e-06
Test_1646,8.412696e-07,9.661185e-09,0.99999917,2.216894e-08
Test_1647,0.0011111845,0.010832976,0.9585653,0.02949055
Test_1648,1.9371807e-06,0.008504419,0.9914546,3.9159513e-05
Test_1649,2.3779558e-06,0.066322885,0.93355864,0.000116095405
Test_1650,0.078908674,0.08594848,0.26807484,0.56706804
Test_1651,0.8969789,0.0074091856,0.07060224,0.025009586
Test_1652,6.6554014e-07,0.0017452094,0.9982533,7.469707e-07
Test_1653,0.0058763796,0.037044432,0.95162547,0.005453794
Test_1654,0.04395015,0.10115668,0.64564514,0.20924795
Test_1655,1.2515392e-07,8.393694e-07,4.1742343e-08,0.99999905
Test_1656,0.39893377,0.039071426,0.54258394,0.01941087
Test_1657,0.049336053,0.014569384,0.88020205,0.05589253
Test_1658,3.1063098e-06,0.01510667,0.9848875,2.768026e-06
Test_1659,3.7986578e-05,0.023004461,0.9769453,1.2302928e-05
Test_1660,0.09534768,0.021747673,0.00034059482,0.88256395
Test_1661,9.929416e-06,0.009890862,0.98958814,0.0005111153
Test_1662,0.7027773,0.16108428,0.005952182,0.13018627
Test_1663,6.1975993e-07,1.9820802e-06,0.9999974,1.0165118e-09
Test_1664,0.007685822,0.0030154767,6.6698434e-05,0.989232
Test_1665,0.06358957,0.116745524,0.7964903,0.023174614
Test_1666,2.6456219e-06,0.04183845,0.9581379,2.1011156e-05
Test_1667,0.8618631,0.0124109695,0.0015267535,0.12419917
Test_1668,0.00014296558,0.00015713263,4.2954703e-06,0.9996955
Test_1669,2.6924714e-05,0.034030057,0.9607287,0.0052143848
Test_1670,0.007724629,0.02527842,0.28061408,0.6863829
Test_1671,0.00013384072,0.00044146282,0.99942356,1.1963529e-06
Test_1672,0.029669665,0.29993182,0.011145602,0.65925294
Test_1673,0.01325793,0.07755703,0.009528096,0.89965695
Test_1674,5.0443277e-06,0.0018812937,5.692409e-05,0.9980567
Test_1675,0.99969894,1.0747036e-07,0.00029459663,6.2995728e-06
Test_1676,0.3092577,0.0004913473,0.45332325,0.23692772
Test_1677,0.6180894,0.08225824,0.28846386,0.011188609
Test_1678,2.86195e-06,8.4279636e-05,0.99991155,1.2581315e-06
Test_1679,0.0018314929,0.12749152,0.083230145,0.7874468
Test_1680,0.04238167,0.12533648,0.03348367,0.79879814
Test_1681,7.6850296e-07,0.3563229,0.6430846,0.00059176923
Test_1682,1.6424585e-06,0.0006221372,0.9992207,0.00015541441
Test_1683,1.635405e-05,0.00029386842,0.9996864,3.3339024e-06
Test_1684,0.98155785,0.0072048586,0.0052795843,0.0059578
Test_1685,0.99794346,0.0009142407,0.0008196839,0.0003226683
Test_1686,0.95494956,0.0023809166,0.012465542,0.030203957
Test_1687,0.3252006,0.21852848,0.40697825,0.04929276
Test_1688,3.64612e-09,2.4791157e-06,0.9999975,5.873934e-11
Test_1689,0.94821924,0.0026859394,0.0024384714,0.04665643
Test_1690,0.7973029,0.019677838,0.0017248162,0.1812945
Test_1691,0.0002358196,0.01403597,0.0059240707,0.97980416
Test_1692,0.005750976,0.012702933,0.97967815,0.0018679589
Test_1693,1.2400951e-06,0.005755775,0.0007388543,0.99350405
Test_1694,1.3021902e-09,1.0168659e-06,0.9999989,3.2669876e-13
Test_1695,0.007774592,0.047387064,0.920596,0.024242345
Test_1696,0.6333872,0.016566047,0.003271723,0.34677505
Test_1697,4.8866295e-05,0.00088245503,0.99906236,6.340099e-06
Test_1698,0.22662479,0.055315815,0.6022086,0.115850754
Test_1699,1.0963482e-06,0.00016277411,7.406098e-07,0.9998354
Test_1700,0.8742668,0.017663337,0.050600417,0.057469517
Test_1701,2.9399513e-05,0.018509427,0.98129594,0.00016526529
Test_1702,2.3599211e-10,0.00050504424,0.9994949,6.8400774e-10
Test_1703,4.78012e-07,1.4953633e-06,0.999998,1.4369094e-09
Test_1704,0.9863462,0.0045610075,0.004984293,0.004108549
Test_1705,0.00985274,0.012805205,0.97707295,0.0002691645
Test_1706,0.3937298,0.025613545,0.49593216,0.08472449
Test_1707,0.03309231,0.25714138,0.7051781,0.004588195
Test_1708,2.1531111e-08,0.00069903105,0.9993,9.581254e-07
Test_1709,1.0766735e-08,2.7831431e-05,0.99997044,1.7698015e-06
Test_1710,5.477663e-05,0.0001259785,0.9998182,9.669454e-07
Test_1711,0.052618798,0.011362526,0.011357607,0.92466104
Test_1712,2.7581948e-09,3.697376e-05,0.99996305,1.2006667e-09
Test_1713,2.6412847e-09,1.0732376e-06,0.99999857,3.1142042e-07
Test_1714,0.010505508,0.3784726,0.5654095,0.045612436
Test_1715,0.00011155053,5.403509e-05,1.0855559e-06,0.99983335
Test_1716,0.9644979,0.0014338756,0.013258963,0.020809297
Test_1717,0.005885145,0.022820525,0.00238347,0.9689108
Test_1718,0.96458566,0.010938327,0.01324088,0.011235037
Test_1719,4.2206655e-10,3.881778e-05,0.99996114,1.0349289e-09
Test_1720,2.6612224e-07,2.1614758e-05,0.99997795,1.5481616e-07
Test_1721,0.9324937,0.015302785,0.049604934,0.0025986664
Test_1722,0.0005002857,0.017490903,0.981954,5.479571e-05
Test_1723,0.00012594837,0.03330581,0.96540993,0.0011584051
Test_1724,8.75084e-06,4.8566255e-07,0.9999908,5.295303e-09
Test_1725,1.6280587e-06,0.0046426984,0.995335,2.0633446e-05
Test_1726,0.007270446,0.117018335,0.85379946,0.021911759
Test_1727,0.99785644,0.000115008756,0.0019435537,8.490636e-05
Test_1728,2.2164882e-05,0.065673664,0.9342129,9.121715e-05
Test_1729,1.8151232e-11,1.9419373e-09,1.0,1.0257671e-14
Test_1730,0.9945614,0.00062903,0.0043812143,0.00042837783
Test_1731,7.587926e-05,0.031428885,0.966655,0.0018402577
Test_1732,6.108615e-07,0.0010770313,0.99891317,9.162359e-06
Test_1733,0.057427566,0.48806843,0.006926238,0.4475777
Test_1734,3.911361e-06,0.005551799,0.9944107,3.3541695e-05
Test_1735,0.00016993753,0.03168292,0.9661257,0.002021345
Test_1736,1.61816e-05,0.00088364596,0.9990491,5.0982606e-05
Test_1737,7.936101e-06,0.004243607,0.00022384887,0.9955246
Test_1738,0.0028032067,0.0013407612,0.00037826202,0.9954778
Test_1739,0.0044126976,0.017703041,0.9772157,0.0006685908
Test_1740,4.4934336e-06,0.0022379642,0.9977551,2.4305903e-06
Test_1741,2.6684324e-05,0.011454042,0.9519568,0.036562458
Test_1742,2.121761e-08,0.00013741423,0.99986243,1.6474466e-07
Test_1743,1.6386572e-05,0.0010295754,0.9989452,8.842633e-06
Test_1744,7.767093e-06,5.246712e-05,0.9999398,2.7649373e-08
Test_1745,9.523151e-10,1.1312702e-05,0.9999887,5.2919263e-10
Test_1746,1.3979078e-06,0.011507616,0.98848325,7.680433e-06
Test_1747,0.14711206,0.0323502,0.00011186611,0.8204259
Test_1748,4.4368113e-07,0.7568051,0.24230874,0.0008856326
Test_1749,8.083487e-06,0.034074683,0.9659001,1.711134e-05
Test_1750,0.025431013,0.0027240014,0.00049960834,0.9713453
Test_1751,0.23310585,0.005760775,0.00032865518,0.76080465
Test_1752,0.8306198,0.0051731323,0.16329028,0.0009167667
Test_1753,0.918707,0.006927847,0.00036830673,0.07399682
Test_1754,0.7991085,0.058344066,0.011123042,0.13142437
Test_1755,0.0016275495,0.0036973306,0.9919665,0.0027087433
Test_1756,0.0049525714,0.013142659,0.8203536,0.16155112
Test_1757,8.388434e-05,0.003964408,6.149894e-05,0.99589014
Test_1758,0.9875322,0.0023752428,0.00016171564,0.009930821
Test_1759,0.99021626,0.000949336,0.0025650288,0.0062693
Test_1760,1.35407e-06,0.07580368,0.92415595,3.905874e-05
Test_1761,0.5215081,0.2066393,0.06484853,0.20700406
Test_1762,0.79651004,0.1137362,0.04063901,0.049114738
Test_1763,0.00011840853,0.008696914,0.9910978,8.688047e-05
Test_1764,1.9547994e-07,2.9829826e-05,0.9999697,2.0747048e-07
Test_1765,0.48755178,0.07842376,0.00086361123,0.4331609
Test_1766,0.124075316,0.6231492,0.17870386,0.074071616
Test_1767,0.00018039499,5.3488147e-05,0.9996982,6.788265e-05
Test_1768,9.275468e-07,1.6545602e-05,0.9999825,2.5165348e-09
Test_1769,0.9982248,9.0125766e-05,0.0013815332,0.00030353494
Test_1770,0.0034625132,0.113509655,0.042937085,0.8400907
Test_1771,7.008696e-05,0.14893898,0.84112537,0.009865552
Test_1772,4.3247687e-06,0.06983572,0.929878,0.00028198547
Test_1773,0.000106827814,0.002751001,4.4106084e-05,0.997098
Test_1774,0.9990065,0.00017624325,0.0004195974,0.0003977149
Test_1775,0.004396097,0.18052408,0.8076269,0.007452944
Test_1776,0.031636205,0.00042898813,0.001066374,0.9668684
Test_1777,7.153112e-05,0.002223595,0.9977003,4.69328e-06
Test_1778,0.9567645,0.008666416,0.0040130867,0.030555988
Test_1779,2.089525e-06,0.0008291757,0.99908435,8.430497e-05
Test_1780,0.0025189836,0.018301139,0.97899055,0.0001893861
Test_1781,0.0050782403,0.651741,0.19711863,0.14606212
Test_1782,0.001127352,0.10173157,0.8784332,0.01870776
Test_1783,3.9235642e-06,0.007538818,0.9924567,5.5255543e-07
Test_1784,5.8082014e-07,2.772909e-07,0.99999917,2.448985e-10
Test_1785,0.024687136,0.005848521,0.00095475937,0.96850955
Test_1786,0.19984673,0.20259924,0.07771253,0.51984155
Test_1787,0.0007303926,0.043171156,0.003863845,0.9522346
Test_1788,0.51263314,0.032342494,0.0009132222,0.45411107
Test_1789,0.9998518,2.8187214e-05,6.5468405e-05,5.4556378e-05
Test_1790,0.76244336,0.050324295,0.12587269,0.061359644
Test_1791,0.99903625,6.779424e-05,0.00039505976,0.000500847
Test_1792,1.6078083e-06,0.00015048005,0.9998479,6.682018e-08
Test_1793,0.0026222384,0.3035322,0.6743358,0.019509764
Test_1794,3.7198398e-09,1.0735825e-05,0.9999893,1.14020375e-08
Test_1795,0.9813447,0.0009980804,0.0067825136,0.010874711
Test_1796,9.010759e-05,0.35796398,0.6284684,0.013477538
Test_1797,1.996499e-07,0.0011282276,0.9988563,1.5241105e-05
Test_1798,0.9973795,0.0014670681,0.00072010845,0.0004332629
Test_1799,0.00039146724,0.0067618545,0.0004934319,0.99235326
Test_1800,0.99631375,4.6832258e-05,1.1949715e-05,0.0036274148
Test_1801,0.001995271,0.18456726,0.0050427215,0.80839473
Test_1802,0.011807728,0.0023270715,0.985565,0.00030015167
Test_1803,3.905232e-08,3.1110638e-05,0.9999689,4.9823463e-08
Test_1804,9.978134e-06,0.011938916,0.98804456,6.5042423e-06
Test_1805,0.9854128,0.00647219,0.004666817,0.0034481413
Test_1806,5.4385e-07,8.31241e-06,2.6185834e-08,0.99999106
Test_1807,0.8926294,9.186433e-05,3.5323937e-06,0.1072752
Test_1808,0.7442486,0.04270667,0.098639056,0.1144056
Test_1809,0.9984168,0.0001935158,6.051916e-05,0.0013292743
Test_1810,2.566721e-06,3.918008e-05,0.9999566,1.6011186e-06
Test_1811,0.98278195,0.00031043642,0.0052521215,0.011655503
Test_1812,5.9757845e-06,0.0025417402,0.99744993,2.3409189e-06
Test_1813,3.4033405e-05,0.0005165825,1.0025096e-05,0.9994393
Test_1814,1.2480292e-07,0.005701438,0.9942982,1.4216938e-07
Test_1815,2.4376072e-06,0.00094588706,0.9990507,1.0666182e-06
Test_1816,3.460731e-06,0.058431067,0.9414975,6.7913374e-05
Test_1817,0.01603862,0.08313543,0.87543607,0.02538993
Test_1818,0.00023680812,0.038031716,0.89308214,0.0686494
Test_1819,0.9677258,0.008657129,0.020266207,0.0033508642
Test_1820,0.1663071,0.27135006,0.02135692,0.54098594
